id,Nombre,Apellido,Correo,Genero,Numero de Cuenta
1,Josephina,Tomashov,jtomashov0@theglobeandmail.com,Female,440293847
2,Isadora,Daws,idaws1@ezinearticles.com,Female,2232483592
3,Sandor,Wardroper,swardroper2@goodreads.com,Polygender,6104523439
4,Roxie,Bresnen,rbresnen3@hubpages.com,Female,87563002
5,Lindy,Killimister,lkillimister4@umn.edu,Male,4920652062
6,Haroun,Keedy,hkeedy5@businesswire.com,Bigender,308884159
7,Christina,Airton,cairton6@scientificamerican.com,Female,1882309332
8,Valina,Comrie,vcomrie7@printfriendly.com,Female,6068336433
9,Rahel,Hyland,rhyland8@whitehouse.gov,Female,7423847550
10,Renate,McNee,rmcnee9@ibm.com,Genderfluid,1332123635
11,Laurene,Prue,lpruea@walmart.com,Genderqueer,2403193224
12,Antonella,Mortimer,amortimerb@flavors.me,Female,5056535729
13,Emylee,Trebbett,etrebbettc@symantec.com,Genderqueer,8904209005
14,Clayborne,Krugmann,ckrugmannd@springer.com,Male,9577523528
15,Kelwin,Eccleshall,keccleshalle@bbb.org,Male,2817708342
16,Natalina,Danzig,ndanzigf@webnode.com,Female,9269318060
17,Michel,Oliva,molivag@amazon.com,Non-binary,1868759970
18,Angie,Judron,ajudronh@blog.com,Female,838003559
19,Kerwinn,Worvell,kworvelli@usa.gov,Male,1352948648
20,Georgeanna,Rame,gramej@tinyurl.com,Polygender,2760169944
21,Alana,Hawkings,ahawkingsk@nbcnews.com,Female,7478882773
22,Sal,Mottinelli,smottinellil@guardian.co.uk,Male,7395429818
23,Ganny,Whitham,gwhithamm@eventbrite.com,Male,9156970617
24,Glenn,Niesing,gniesingn@google.co.jp,Male,6381062622
25,Clerc,Margiotta,cmargiottao@boston.com,Male,3617728316
26,Regine,McDunlevy,rmcdunlevyp@state.tx.us,Female,6155353646
27,Spike,Dorrell,sdorrellq@theguardian.com,Male,2766302093
28,Damita,Brigg,dbriggr@oracle.com,Female,8644606204
29,Mayne,Jorgensen,mjorgensens@npr.org,Male,5061675932
30,Niels,Mangeon,nmangeont@sfgate.com,Male,2986989098
31,Krystle,Leavens,kleavensu@adobe.com,Female,4993903766
32,Agosto,Paulucci,apaulucciv@globo.com,Male,3201486914
33,Elsbeth,Croxon,ecroxonw@fotki.com,Genderqueer,4832042130
34,Pepito,Spacy,pspacyx@github.io,Male,5860925522
35,Vergil,Bubbear,vbubbeary@skype.com,Male,5713079422
36,Malina,Robecon,mrobeconz@123-reg.co.uk,Female,8295002368
37,Cynthy,Lathee,clathee10@mtv.com,Female,9548241641
38,Dallis,Moscone,dmoscone11@privacy.gov.au,Bigender,6993787350
39,Leilah,Aubray,laubray12@netscape.com,Female,1704288746
40,Kalli,Dibbert,kdibbert13@amazon.co.jp,Female,4995213708
41,Ermengarde,Goodfellowe,egoodfellowe14@washingtonpost.com,Female,8455409843
42,Doralynne,Lacasa,dlacasa15@foxnews.com,Female,4468490810
43,Aluino,Grigoryev,agrigoryev16@addthis.com,Male,2425999795
44,Jephthah,Baal,jbaal17@epa.gov,Male,9660162731
45,Perice,Snoxall,psnoxall18@cafepress.com,Male,9561920247
46,Gratia,Crowche,gcrowche19@ocn.ne.jp,Female,8879022350
47,Carey,Jakubovitch,cjakubovitch1a@sina.com.cn,Male,5526329739
48,Alfi,Stringfellow,astringfellow1b@google.pl,Female,3118862831
49,Adey,Tomasoni,atomasoni1c@epa.gov,Female,6545221094
50,Corney,South,csouth1d@purevolume.com,Male,5003882653
51,Lenora,Selwyn,lselwyn1e@sfgate.com,Female,7942967204
52,Mariette,Clowes,mclowes1f@mlb.com,Female,7629084536
53,Dinnie,Casado,dcasado1g@csmonitor.com,Female,2672052964
54,Stanleigh,Beesey,sbeesey1h@mit.edu,Male,5455611380
55,Orel,Payne,opayne1i@netvibes.com,Female,1068293047
56,Giorgia,Gutteridge,ggutteridge1j@harvard.edu,Female,3647763039
57,Dian,Losano,dlosano1k@google.cn,Female,1920480218
58,Aubine,Germon,agermon1l@indiegogo.com,Female,3667298412
59,Payton,Hatherleigh,phatherleigh1m@paginegialle.it,Male,8472085503
60,Jacqui,Oen,joen1n@amazonaws.com,Female,7696944711
61,Tory,Stronge,tstronge1o@marriott.com,Female,8251555515
62,Cherry,Barens,cbarens1p@google.com.hk,Female,2892825490
63,Alastair,Witnall,awitnall1q@archive.org,Male,5039209401
64,Cammie,Greason,cgreason1r@accuweather.com,Female,8235662442
65,Dewey,Quoit,dquoit1s@stumbleupon.com,Male,7957488900
66,Shayna,Gavaghan,sgavaghan1t@gmpg.org,Female,5308185433
67,Aldridge,Fibbens,afibbens1u@constantcontact.com,Male,671997505
68,Eleanor,Sandeman,esandeman1v@ehow.com,Female,428961649
69,Kelby,Capstake,kcapstake1w@prlog.org,Male,5998830903
70,Lev,Clowton,lclowton1x@php.net,Male,1397355204
71,Julietta,Garaway,jgaraway1y@seesaa.net,Female,5225176119
72,Ginni,Evershed,gevershed1z@homestead.com,Female,6813460005
73,Priscella,Pawel,ppawel20@nydailynews.com,Agender,1294241192
74,Vikky,Kinleyside,vkinleyside21@yahoo.co.jp,Non-binary,2974451136
75,Nanice,Goldhill,ngoldhill22@psu.edu,Female,2209210992
76,Basilius,Dahlman,bdahlman23@si.edu,Genderqueer,6552110367
77,Joannes,Sandbach,jsandbach24@wordpress.org,Female,8068126147
78,Lay,Amdohr,lamdohr25@gizmodo.com,Male,1404773428
79,Nevin,O'Bradane,nobradane26@reddit.com,Male,9649371591
80,Humbert,Godrich,hgodrich27@gnu.org,Male,5831412822
81,Simeon,Gibbs,sgibbs28@jigsy.com,Male,8770057834
82,Jakie,Fairholme,jfairholme29@unicef.org,Male,2673270736
83,Angelico,Pawlett,apawlett2a@chicagotribune.com,Male,7019293239
84,Sumner,D'Cruze,sdcruze2b@skyrock.com,Male,8450120373
85,Edlin,Yurivtsev,eyurivtsev2c@wp.com,Male,4199779515
86,Godfry,Benham,gbenham2d@rambler.ru,Male,3694142215
87,Patrizio,Statter,pstatter2e@qq.com,Male,7785286221
88,Thomasin,Scyner,tscyner2f@washingtonpost.com,Female,8376205005
89,Michele,Faulds,mfaulds2g@skype.com,Female,7177724354
90,Eugine,Plevey,eplevey2h@1688.com,Female,464680514
91,Nona,Depka,ndepka2i@hc360.com,Female,8191073757
92,Kare,Hutfield,khutfield2j@jimdo.com,Female,1924202204
93,Nickolaus,Amort,namort2k@state.gov,Male,3181012505
94,Berty,Lochhead,blochhead2l@webs.com,Male,9717655723
95,Olivia,Enderwick,oenderwick2m@hud.gov,Female,1592160255
96,Bernardine,Cuseck,bcuseck2n@npr.org,Female,7768906977
97,Lia,Laurens,llaurens2o@patch.com,Female,4867262471
98,Britteny,Dixie,bdixie2p@ca.gov,Female,6203449741
99,Harlen,Doble,hdoble2q@gnu.org,Male,4260349783
100,Dulcinea,Mandrier,dmandrier2r@com.com,Female,4176164018
101,Noel,Hutcheson,nhutcheson2s@rambler.ru,Female,6309445502
102,Ingar,Maydway,imaydway2t@census.gov,Male,1084927993
103,Harmonie,O'Finan,hofinan2u@guardian.co.uk,Female,1201257107
104,Lenci,Bofield,lbofield2v@reddit.com,Male,6844285051
105,Katuscha,Amberg,kamberg2w@forbes.com,Female,9099126514
106,Scottie,Papes,spapes2x@yandex.ru,Male,169061183
107,Sigvard,Durman,sdurman2y@twitter.com,Bigender,5625179522
108,Faustine,Carlow,fcarlow2z@webeden.co.uk,Female,6032632180
109,Benn,Keoghane,bkeoghane30@yolasite.com,Male,587651849
110,Dermot,Hamnett,dhamnett31@elegantthemes.com,Male,3732940632
111,Cristabel,Beadman,cbeadman32@storify.com,Female,7959598630
112,Wanda,Topling,wtopling33@over-blog.com,Female,5980119582
113,Cybill,Treffrey,ctreffrey34@un.org,Female,4991624088
114,Maurise,Riggs,mriggs35@amazon.co.uk,Female,8910590033
115,Corrina,Hindmoor,chindmoor36@cafepress.com,Female,6444926602
116,Hamilton,Rosenkrantz,hrosenkrantz37@addtoany.com,Male,2708171240
117,Connor,Ledgeway,cledgeway38@ebay.co.uk,Agender,9822327676
118,Kathrine,Redit,kredit39@mac.com,Female,5441350229
119,Francois,Riquet,friquet3a@angelfire.com,Male,519542282
120,Pierrette,Swepson,pswepson3b@sfgate.com,Female,3159166058
121,Robinet,Warland,rwarland3c@army.mil,Bigender,4594470793
122,Allister,Leachman,aleachman3d@cbsnews.com,Male,6750222897
123,Kissie,Soppitt,ksoppitt3e@slideshare.net,Female,9294217825
124,Adolphus,Heilds,aheilds3f@gravatar.com,Male,5037809231
125,Randi,Dymick,rdymick3g@wordpress.org,Male,8493387053
126,Lexis,Austick,laustick3h@goodreads.com,Female,4795952353
127,Olenolin,Shayler,oshayler3i@cnet.com,Male,6139059593
128,Sara-ann,Itzakovitz,sitzakovitz3j@chicagotribune.com,Female,1701435519
129,Cordula,Fidgett,cfidgett3k@shutterfly.com,Female,5814756446
130,Auberon,Mildner,amildner3l@smh.com.au,Male,107340011
131,Eugenio,Cockle,ecockle3m@princeton.edu,Male,8334123310
132,Clo,Lacroux,clacroux3n@goo.ne.jp,Female,5139146673
133,Ofelia,Slowly,oslowly3o@blogspot.com,Female,220426899
134,Lucine,Baudet,lbaudet3p@businessinsider.com,Female,7651234200
135,Madlin,Hiseman,mhiseman3q@ovh.net,Female,7246020721
136,Dwight,Ayton,dayton3r@berkeley.edu,Male,8780178162
137,Ted,Broad,tbroad3s@gnu.org,Bigender,9222141709
138,Anet,Mundford,amundford3t@blinklist.com,Female,8757931356
139,Kennith,Sirmon,ksirmon3u@tumblr.com,Male,8832064138
140,Jerri,Marritt,jmarritt3v@twitpic.com,Male,483000639
141,Irwinn,Dorwood,idorwood3w@google.es,Male,5039525435
142,Wenonah,Laudham,wlaudham3x@skype.com,Female,7352966072
143,Randie,Mazzey,rmazzey3y@imgur.com,Male,1339936461
144,Rayshell,Hek,rhek3z@weather.com,Female,6028586862
145,Benedetto,Ruprecht,bruprecht40@tripadvisor.com,Male,8121985803
146,Wendeline,Mordey,wmordey41@ucoz.com,Female,4208254742
147,Alwyn,Kinnock,akinnock42@ucoz.ru,Male,7319660717
148,Rip,Padson,rpadson43@pagesperso-orange.fr,Male,1945474769
149,Constantia,Northam,cnortham44@netscape.com,Female,9177723724
150,Gus,Havick,ghavick45@godaddy.com,Male,8027216338
151,Theressa,Sabattier,tsabattier46@vimeo.com,Female,9933304151
152,Anallise,Block,ablock47@si.edu,Genderfluid,3532258137
153,Annamarie,Pockey,apockey48@uiuc.edu,Female,7689873316
154,Desi,Goulter,dgoulter49@mlb.com,Male,4491405662
155,Doralyn,Osmar,dosmar4a@i2i.jp,Female,4357420741
156,Adolph,Storie,astorie4b@tinypic.com,Male,827654790
157,Pacorro,Lockhart,plockhart4c@constantcontact.com,Male,1417196564
158,Alecia,Espadas,aespadas4d@buzzfeed.com,Female,1023781549
159,Byron,Guerreiro,bguerreiro4e@archive.org,Polygender,3563907099
160,Silvano,Oehme,soehme4f@mashable.com,Male,6855156010
161,Dru,Dussy,ddussy4g@seesaa.net,Female,6857999449
162,Avigdor,Bruce,abruce4h@google.de,Male,1379687276
163,Letisha,Winpenny,lwinpenny4i@shinystat.com,Female,2405963620
164,Vito,Fettis,vfettis4j@wikimedia.org,Male,8008164034
165,Arnoldo,Genn,agenn4k@github.io,Male,8337187492
166,Wilt,Masserel,wmasserel4l@cdc.gov,Male,8803338748
167,Jaye,Chatel,jchatel4m@globo.com,Male,6004450790
168,Derward,Aers,daers4n@nps.gov,Male,4438115345
169,Addia,Cummungs,acummungs4o@github.io,Non-binary,8174916725
170,Cybill,O'Reilly,coreilly4p@free.fr,Female,8887758573
171,Kliment,Eeles,keeles4q@wordpress.com,Male,7666289960
172,Town,Krystek,tkrystek4r@gov.uk,Male,5548301225
173,Jessa,Lewsy,jlewsy4s@naver.com,Female,7195937984
174,Eustace,Doniso,edoniso4t@theglobeandmail.com,Male,2625244720
175,Chloette,Bowton,cbowton4u@mail.ru,Female,3445758832
176,Kelly,Attock,kattock4v@ezinearticles.com,Polygender,7458827270
177,Maisie,Macia,mmacia4w@admin.ch,Female,3994842050
178,Erika,Geerling,egeerling4x@deviantart.com,Polygender,6730920394
179,Abdul,Garford,agarford4y@virginia.edu,Male,2360349244
180,Clarita,Toppes,ctoppes4z@dedecms.com,Female,4435818108
181,Janeva,O'Gormally,jogormally50@abc.net.au,Female,7716420321
182,Rosmunda,Rickell,rrickell51@indiegogo.com,Female,7717216973
183,Tobi,Berka,tberka52@chron.com,Female,3658300604
184,Johan,Dobbison,jdobbison53@lycos.com,Male,1684633001
185,Philippe,Huddleston,phuddleston54@google.nl,Female,7421696334
186,Sigvard,Kelloch,skelloch55@technorati.com,Male,8743876668
187,Ola,Sangra,osangra56@newsvine.com,Female,3307566636
188,Kenneth,Bascombe,kbascombe57@clickbank.net,Male,7815377939
189,Micheil,Mac Geaney,mmacgeaney58@furl.net,Male,2637974192
190,Lucais,Bruckenthal,lbruckenthal59@nyu.edu,Male,9983081938
191,Nealson,Blodget,nblodget5a@moonfruit.com,Male,141817704
192,Berkly,Diggles,bdiggles5b@seesaa.net,Male,8785310573
193,Any,Thorold,athorold5c@cdbaby.com,Male,1163722154
194,Forest,Keighly,fkeighly5d@simplemachines.org,Male,1023044420
195,Siffre,Paoloni,spaoloni5e@chronoengine.com,Male,3700697376
196,Noe,Rollings,nrollings5f@google.ca,Male,6732844873
197,Shalom,Bengochea,sbengochea5g@scribd.com,Male,9665376438
198,Putnem,Cumberland,pcumberland5h@1688.com,Male,4070456228
199,Margarette,Garner,mgarner5i@rediff.com,Genderfluid,7347958245
200,Lisha,Andreutti,landreutti5j@thetimes.co.uk,Genderqueer,3955976971
201,Monro,Rupert,mrupert5k@va.gov,Male,297923102
202,Nikolaos,Huniwall,nhuniwall5l@seattletimes.com,Male,8316595184
203,Sunny,Ridley,sridley5m@goo.gl,Female,7683228176
204,Esme,Bowhay,ebowhay5n@archive.org,Male,5865258192
205,Carol-jean,Thorwarth,cthorwarth5o@dailymotion.com,Bigender,1561797960
206,Budd,Fairbourn,bfairbourn5p@nifty.com,Male,1809815290
207,Nicoline,Dilger,ndilger5q@geocities.jp,Female,1822506506
208,Dimitri,Belli,dbelli5r@japanpost.jp,Male,8073296713
209,Griswold,Caird,gcaird5s@wordpress.org,Male,3377126031
210,Gavin,Maccari,gmaccari5t@theguardian.com,Male,7958240023
211,Barrie,Stelfax,bstelfax5u@freewebs.com,Male,31537014
212,Kaiser,Durtnal,kdurtnal5v@twitpic.com,Male,4016311608
213,Brandie,Effnert,beffnert5w@usgs.gov,Female,3505103012
214,Lethia,Draper,ldraper5x@elpais.com,Female,171002997
215,Hayyim,Zappel,hzappel5y@intel.com,Male,584286600
216,Lorens,Ternault,lternault5z@1und1.de,Male,1563297647
217,Ulla,Stonier,ustonier60@vkontakte.ru,Female,2122274980
218,Leanora,Alsobrook,lalsobrook61@diigo.com,Female,3756912639
219,Bren,Doumerc,bdoumerc62@amazonaws.com,Female,4954521513
220,Westbrook,Gritland,wgritland63@friendfeed.com,Male,1013448499
221,Tatum,Canelas,tcanelas64@miitbeian.gov.cn,Female,9518835586
222,Barbara-anne,Bockin,bbockin65@mtv.com,Female,5499198713
223,Pepita,Seaking,pseaking66@msu.edu,Non-binary,2734124602
224,Ashli,Oxtarby,aoxtarby67@pagesperso-orange.fr,Female,312734328
225,Lezley,Bunker,lbunker68@nifty.com,Male,2874753815
226,Kerby,Spiniello,kspiniello69@microsoft.com,Male,2995858324
227,Arlen,Drewson,adrewson6a@answers.com,Genderfluid,6933595528
228,Nike,Fellman,nfellman6b@ebay.com,Female,1946548561
229,Marshall,Gurnell,mgurnell6c@webeden.co.uk,Male,7785000034
230,Sophie,Ovill,sovill6d@squarespace.com,Female,2142396143
231,Jacky,Maleney,jmaleney6e@seattletimes.com,Female,2276467495
232,Sidoney,Liepins,sliepins6f@hp.com,Female,1674052863
233,Tedda,Dominik,tdominik6g@twitpic.com,Female,7638644352
234,Radcliffe,Nestor,rnestor6h@jugem.jp,Male,1353762505
235,Selby,Zamudio,szamudio6i@yale.edu,Male,8929606849
236,Borden,Pail,bpail6j@unesco.org,Male,9462098980
237,Ashlin,Beaney,abeaney6k@angelfire.com,Male,5636223471
238,Yule,Quinby,yquinby6l@census.gov,Male,8681985523
239,Billy,Tew,btew6m@wikimedia.org,Female,3591533610
240,Homer,Baroche,hbaroche6n@addthis.com,Male,2016555912
241,Oberon,Fawley,ofawley6o@springer.com,Male,6874940228
242,Sharleen,Paule,spaule6p@senate.gov,Female,5648251084
243,Anselma,Romanski,aromanski6q@artisteer.com,Female,9520823263
244,Janie,Pawelek,jpawelek6r@edublogs.org,Female,5989145314
245,Grover,Casarini,gcasarini6s@msn.com,Male,2540833926
246,Bobby,Shone,bshone6t@infoseek.co.jp,Male,7191730854
247,Amaleta,Tadlow,atadlow6u@newyorker.com,Female,945450311
248,Aurilia,Waple,awaple6v@is.gd,Female,5579247052
249,Larry,Crispin,lcrispin6w@dropbox.com,Male,633224944
250,Marissa,Rubinovitsch,mrubinovitsch6x@arizona.edu,Female,9676401765
251,Aliza,Boecke,aboecke6y@utexas.edu,Female,9936129970
252,Danila,Verrall,dverrall6z@jimdo.com,Female,9377809703
253,Marni,Freddi,mfreddi70@smugmug.com,Female,9014827717
254,Jerri,Poulglais,jpoulglais71@gravatar.com,Male,5918807543
255,Sibella,Ranaghan,sranaghan72@ihg.com,Female,9377864801
256,Daveen,Seide,dseide73@pcworld.com,Female,152084908
257,Goldia,Tremaine,gtremaine74@census.gov,Female,2481020553
258,Ann,Challen,achallen75@addthis.com,Female,8730893011
259,Marlowe,Tomeo,mtomeo76@prweb.com,Male,4249072681
260,Noam,Bastistini,nbastistini77@sun.com,Male,108661032
261,Starlene,Petworth,spetworth78@ow.ly,Female,4958596801
262,Sigfried,Berkowitz,sberkowitz79@engadget.com,Genderqueer,8571579911
263,Trude,Gerrelts,tgerrelts7a@ycombinator.com,Female,7935085005
264,Baudoin,Capron,bcapron7b@archive.org,Male,2347997
265,Lucille,Capper,lcapper7c@theatlantic.com,Female,4532350174
266,Darda,Panting,dpanting7d@github.io,Female,8492963549
267,Brett,McQuilliam,bmcquilliam7e@ask.com,Male,439555574
268,Rosa,Cardno,rcardno7f@ted.com,Female,1558624058
269,Nanine,Doncom,ndoncom7g@latimes.com,Female,5457880400
270,Paige,Fowle,pfowle7h@wiley.com,Non-binary,9043403318
271,Janice,Temlett,jtemlett7i@ftc.gov,Female,7289343735
272,Karlyn,Bagguley,kbagguley7j@reverbnation.com,Female,6686241725
273,Gratiana,Puckring,gpuckring7k@time.com,Female,3883357871
274,Diarmid,Lighten,dlighten7l@naver.com,Male,1613632215
275,Jackquelin,Betonia,jbetonia7m@ifeng.com,Female,89106423
276,Asia,Cornelius,acornelius7n@mapy.cz,Female,6421854907
277,Erna,Aguilar,eaguilar7o@moonfruit.com,Female,3304369759
278,Cilka,Shaylor,cshaylor7p@sogou.com,Female,2023728169
279,Bernardo,Targett,btargett7q@amazonaws.com,Male,2490293206
280,Norton,Cowp,ncowp7r@phpbb.com,Male,965059588
281,Jaymie,Whittingham,jwhittingham7s@vkontakte.ru,Male,6729151447
282,Nealson,Isakovic,nisakovic7t@angelfire.com,Male,9744812222
283,Julianne,Jost,jjost7u@thetimes.co.uk,Female,7888921337
284,Rebekkah,Laurenz,rlaurenz7v@europa.eu,Female,2399791215
285,Dougy,Free,dfree7w@macromedia.com,Bigender,1179324331
286,Far,Lyenyng,flyenyng7x@eepurl.com,Male,261566423
287,Ryan,Jeens,rjeens7y@google.cn,Male,8575101390
288,Birch,Kiendl,bkiendl7z@reference.com,Male,7594367685
289,Anthiathia,Shead,ashead80@storify.com,Female,8437547318
290,Tann,Kienl,tkienl81@squarespace.com,Male,7229881013
291,Rick,Groger,rgroger82@furl.net,Male,8082621672
292,Donavon,Emmanueli,demmanueli83@shutterfly.com,Bigender,7248541648
293,Derk,Staveley,dstaveley84@flickr.com,Male,7977459841
294,Smitty,Quinion,squinion85@ow.ly,Male,6833937141
295,Welbie,Carff,wcarff86@auda.org.au,Male,1861305249
296,Arvin,Coundley,acoundley87@washingtonpost.com,Male,9060305655
297,Wiley,Minmagh,wminmagh88@gmpg.org,Genderfluid,3770878671
298,Maribelle,Kiossel,mkiossel89@squarespace.com,Female,8347291500
299,Lucias,Ameer-Beg,lameerbeg8a@jigsy.com,Male,3560535034
300,Ezequiel,Stansbie,estansbie8b@discuz.net,Male,2323221922
301,Murvyn,Keyho,mkeyho8c@tripadvisor.com,Male,729016692
302,Remus,Mickleburgh,rmickleburgh8d@china.com.cn,Male,8979283083
303,Maighdiln,Blanque,mblanque8e@blinklist.com,Agender,5337782916
304,Lauren,Cleland,lcleland8f@cbsnews.com,Female,1662619553
305,Clementine,Pauli,cpauli8g@thetimes.co.uk,Female,186670826
306,Selestina,Mongan,smongan8h@dot.gov,Female,5900905810
307,Colleen,Goodfield,cgoodfield8i@feedburner.com,Female,9857229174
308,Avrom,Kyles,akyles8j@blinklist.com,Male,6339898777
309,Colly,Flinn,cflinn8k@prnewswire.com,Female,135527295
310,Angy,Hirjak,ahirjak8l@fastcompany.com,Female,360254748
311,Drugi,Szanto,dszanto8m@opensource.org,Genderqueer,5271530299
312,Kermie,Eilhermann,keilhermann8n@jugem.jp,Male,8667956481
313,Armando,Granleese,agranleese8o@surveymonkey.com,Male,8071523550
314,Eb,Baroch,ebaroch8p@sitemeter.com,Male,7536269501
315,Charlie,Dixey,cdixey8q@slashdot.org,Male,4590216248
316,Nicholle,Marin,nmarin8r@toplist.cz,Female,2357862386
317,Eldon,Tyers,etyers8s@blog.com,Male,664195423
318,Ben,Kiraly,bkiraly8t@wiley.com,Male,6287717696
319,Phillida,Dyson,pdyson8u@yandex.ru,Female,1614639744
320,Branden,Ensor,bensor8v@gravatar.com,Genderfluid,505116960
321,Colleen,Saggers,csaggers8w@dailymail.co.uk,Female,3464896358
322,Salomo,Kipping,skipping8x@mail.ru,Male,7781642465
323,Kittie,Golby,kgolby8y@goo.ne.jp,Bigender,90827368
324,Monty,Braime,mbraime8z@hatena.ne.jp,Male,9501226174
325,Tobe,Thomason,tthomason90@sciencedaily.com,Male,6986800460
326,Bard,Feehely,bfeehely91@nifty.com,Male,4458352458
327,Marian,McHaffy,mmchaffy92@yandex.ru,Female,146657942
328,Ediva,Roger,eroger93@nymag.com,Female,3522816501
329,Wilmer,Milazzo,wmilazzo94@pbs.org,Male,9325414899
330,Mellicent,Angrove,mangrove95@parallels.com,Female,9901922984
331,Netta,Veryan,nveryan96@guardian.co.uk,Female,925802824
332,Arte,Parnby,aparnby97@etsy.com,Male,6889132939
333,Avril,Barroux,abarroux98@sohu.com,Female,2575438101
334,Harbert,Tawse,htawse99@purevolume.com,Male,9438503366
335,Sinclair,Berkelay,sberkelay9a@craigslist.org,Male,7469504958
336,Glynn,Graffin,ggraffin9b@chron.com,Male,6937239785
337,Dona,Frenzl,dfrenzl9c@example.com,Female,6439697021
338,Daniella,Flobert,dflobert9d@webnode.com,Female,8998293846
339,Rhody,Presidey,rpresidey9e@stanford.edu,Agender,5597847961
340,Holly,Inett,hinett9f@wikispaces.com,Female,9887729035
341,Jewelle,Klausen,jklausen9g@topsy.com,Female,3753945234
342,Ignace,Murford,imurford9h@taobao.com,Male,6142224354
343,Marilyn,Epilet,mepilet9i@mozilla.com,Female,3878677979
344,Frederigo,Martschke,fmartschke9j@slashdot.org,Male,7559373348
345,Fredric,Guilfoyle,fguilfoyle9k@alexa.com,Bigender,9965367396
346,Pier,Charters,pcharters9l@smugmug.com,Female,8943461860
347,Clemmy,Kaysor,ckaysor9m@prnewswire.com,Male,9188902803
348,Ollie,Blees,oblees9n@squidoo.com,Agender,9233201783
349,Heinrick,Du Plantier,hduplantier9o@usnews.com,Male,769314872
350,Torrie,Grigorini,tgrigorini9p@moonfruit.com,Genderqueer,1078072353
351,Delmar,Marcussen,dmarcussen9q@dailymotion.com,Male,50461680
352,Mateo,Stoner,mstoner9r@skyrock.com,Male,9784850354
353,Sarge,Jovey,sjovey9s@youtu.be,Male,4592794
354,Waly,Dalloway,wdalloway9t@tinyurl.com,Female,2869786034
355,Nicoli,Yushin,nyushin9u@who.int,Bigender,5495635485
356,Chicky,O'Lagen,colagen9v@privacy.gov.au,Male,3115641028
357,Aaron,Avramchik,aavramchik9w@etsy.com,Agender,9861208259
358,Addison,Jacqueminet,ajacqueminet9x@123-reg.co.uk,Male,3544806754
359,Prentiss,Dash,pdash9y@123-reg.co.uk,Male,8610121402
360,Lowrance,Grimmolby,lgrimmolby9z@bigcartel.com,Male,8431867841
361,Dona,Stredder,dstreddera0@freewebs.com,Female,1585658375
362,Arabel,Admans,aadmansa1@sun.com,Female,7428814669
363,Averil,Pasterfield,apasterfielda2@edublogs.org,Female,656588020
364,Ruddy,Stodd,rstodda3@fastcompany.com,Male,1889225436
365,Karim,Beardon,kbeardona4@sourceforge.net,Polygender,8747162236
366,Chloris,Shead,csheada5@creativecommons.org,Female,3748183879
367,Baudoin,Pawlik,bpawlika6@yelp.com,Male,6858475745
368,Hillel,Lodovichi,hlodovichia7@comsenz.com,Male,478375042
369,Al,Francois,afrancoisa8@over-blog.com,Male,5819573072
370,Yard,Rollitt,yrollitta9@gmpg.org,Polygender,7452707265
371,Jocelyne,Gatty,jgattyaa@ask.com,Non-binary,1333493932
372,Ruby,Messham,rmesshamab@elegantthemes.com,Male,3188616732
373,Sergent,Trewinnard,strewinnardac@sbwire.com,Male,8146396879
374,Alex,Bagley,abagleyad@webs.com,Female,1400564794
375,Welch,Ketch,wketchae@vistaprint.com,Genderqueer,4055259026
376,Ula,Filyakov,ufilyakovaf@csmonitor.com,Female,549692800
377,Hyatt,McGiffie,hmcgiffieag@people.com.cn,Male,3524307582
378,Wanids,Kittles,wkittlesah@cisco.com,Non-binary,3407769180
379,Artemus,Parsall,aparsallai@mysql.com,Male,3923142293
380,Addison,Harland,aharlandaj@nydailynews.com,Male,2524813908
381,Erica,Teasdale,eteasdaleak@ocn.ne.jp,Female,7952607677
382,Virgie,Flannigan,vflanniganal@sourceforge.net,Female,9414644539
383,Bearnard,Hamblington,bhamblingtonam@uiuc.edu,Male,5197890584
384,Arnuad,Curnucke,acurnuckean@microsoft.com,Male,8424906497
385,Bing,Langmuir,blangmuirao@nymag.com,Male,1512870625
386,Nikolaos,Cuffin,ncuffinap@tinyurl.com,Male,6973982425
387,Milena,Pavie,mpavieaq@ucoz.com,Female,6314446945
388,Amerigo,Drees,adreesar@amazon.de,Male,7054325095
389,Garwin,Duinkerk,gduinkerkas@blog.com,Male,5422373839
390,Fayette,Wynch,fwynchat@nasa.gov,Female,9564087651
391,Davis,Minchinton,dminchintonau@cnbc.com,Male,5610492424
392,Hyacinthie,Pyne,hpyneav@paypal.com,Female,9797905764
393,Sonny,Cuardall,scuardallaw@usda.gov,Female,9145353840
394,Irwinn,Geratasch,igerataschax@walmart.com,Male,3230891198
395,Clevie,Micheli,cmicheliay@ocn.ne.jp,Male,3620151113
396,Corabel,Igounet,cigounetaz@sohu.com,Female,7314367809
397,Elsa,Egar,eegarb0@exblog.jp,Female,3802901800
398,Mariana,Sall,msallb1@nih.gov,Female,9301990318
399,Tabor,Weldrick,tweldrickb2@surveymonkey.com,Male,84008601
400,Jules,Dodamead,jdodameadb3@cafepress.com,Male,9969070819
401,Kurt,Joscelyne,kjoscelyneb4@mtv.com,Male,9118016456
402,Elke,Bissett,ebissettb5@ted.com,Non-binary,3944401816
403,Kerri,Timmens,ktimmensb6@facebook.com,Female,9582036885
404,Chantalle,Ruseworth,cruseworthb7@msn.com,Female,5247190785
405,Nikolos,Ciciotti,nciciottib8@admin.ch,Male,7016387100
406,Raphaela,MacKim,rmackimb9@forbes.com,Non-binary,5405535311
407,Abran,Kleynen,akleynenba@lycos.com,Male,8145183588
408,Tobi,Bourcq,tbourcqbb@java.com,Female,3563668507
409,Selia,Borgnet,sborgnetbc@free.fr,Female,8572889051
410,Chad,Levens,clevensbd@dyndns.org,Male,3097169733
411,Carney,Blankau,cblankaube@surveymonkey.com,Male,3922931812
412,Sayers,Chanter,schanterbf@comcast.net,Male,6479339762
413,Elfie,Gandar,egandarbg@theglobeandmail.com,Female,7552359021
414,Tyler,Stoves,tstovesbh@bizjournals.com,Male,642614857
415,Ashlee,Stirrip,astirripbi@tumblr.com,Female,163920656
416,Moll,Kollatsch,mkollatschbj@nymag.com,Female,5165833631
417,Cam,Hinkley,chinkleybk@imgur.com,Male,8447571629
418,Sibby,Humburton,shumburtonbl@oracle.com,Agender,7886858174
419,Huey,Cafe,hcafebm@privacy.gov.au,Genderfluid,3614428311
420,Irvin,Crosland,icroslandbn@tiny.cc,Male,9832878594
421,Tyler,Arman,tarmanbo@elegantthemes.com,Male,7088861836
422,Yasmeen,Hawkeswood,yhawkeswoodbp@wp.com,Female,564418633
423,Vanda,Macklin,vmacklinbq@globo.com,Female,4363751665
424,Prissie,Conniam,pconniambr@lycos.com,Female,9882715656
425,Crichton,Authers,cauthersbs@mayoclinic.com,Male,3629456383
426,Imelda,Cremins,icreminsbt@bbb.org,Agender,4797934883
427,Marwin,Smalridge,msmalridgebu@si.edu,Male,6198161706
428,Ginevra,Truckell,gtruckellbv@irs.gov,Genderfluid,5676354119
429,Ramsey,Salery,rsalerybw@sun.com,Male,9541242928
430,Alejandra,Aspital,aaspitalbx@cdc.gov,Non-binary,7261160938
431,Frederigo,Turneux,fturneuxby@tmall.com,Male,6042958089
432,Elroy,McMylor,emcmylorbz@naver.com,Male,4708601379
433,Bone,Itskovitz,bitskovitzc0@intel.com,Male,1266826084
434,Veronika,Lambe,vlambec1@123-reg.co.uk,Non-binary,9845275419
435,Flss,Trustrie,ftrustriec2@cdbaby.com,Female,1376862123
436,Bobbi,Ragot,bragotc3@indiatimes.com,Female,9741369522
437,Regan,Aldwick,raldwickc4@comsenz.com,Female,3832085394
438,Heinrick,Boarer,hboarerc5@china.com.cn,Male,2976017662
439,Hildegarde,Rubinek,hrubinekc6@sohu.com,Female,9006332607
440,Garwood,Britch,gbritchc7@github.com,Male,6006712393
441,Tedd,Eberlein,teberleinc8@epa.gov,Male,9763974224
442,Celie,Mole,cmolec9@engadget.com,Female,2054004510
443,Gail,Allum,gallumca@smugmug.com,Female,3287977334
444,Hube,Dew,hdewcb@trellian.com,Male,6231622142
445,Earvin,Macon,emaconcc@1688.com,Male,874532280
446,Haily,Caddens,hcaddenscd@blogger.com,Female,9887782254
447,Jessy,Micklewicz,jmicklewiczce@imageshack.us,Genderfluid,8077102964
448,Conrado,Costard,ccostardcf@miibeian.gov.cn,Male,7230758939
449,Lezley,Pennicard,lpennicardcg@gravatar.com,Male,7950324961
450,Dal,O'Neill,doneillch@bing.com,Male,8322117167
451,Noel,Neligan,nneliganci@cafepress.com,Male,9009786684
452,Federico,Yeabsley,fyeabsleycj@reference.com,Male,442927851
453,Rustie,Tripp,rtrippck@columbia.edu,Male,7298047493
454,Morie,Badger,mbadgercl@uol.com.br,Male,856882666
455,Teador,Stewart,tstewartcm@seattletimes.com,Non-binary,8642583436
456,Maggie,Mordecai,mmordecaicn@devhub.com,Female,7734193110
457,Kalie,Kornacki,kkornackico@netlog.com,Female,6850723014
458,Cindelyn,Abdon,cabdoncp@jalbum.net,Female,2602985864
459,Marion,Dedham,mdedhamcq@businessinsider.com,Female,2895011745
460,Franciskus,Geard,fgeardcr@addtoany.com,Male,6896360100
461,Antoinette,Busain,abusaincs@nih.gov,Female,490799507
462,Chevalier,MacKonochie,cmackonochiect@who.int,Male,304081752
463,Boothe,Capelow,bcapelowcu@chronoengine.com,Male,3924054533
464,Yoko,O'Hearn,yohearncv@whitehouse.gov,Female,8033377062
465,Raynor,Gabey,rgabeycw@biglobe.ne.jp,Bigender,6528687897
466,Lexine,Sinnett,lsinnettcx@naver.com,Female,2706931604
467,Arturo,Tidball,atidballcy@arizona.edu,Male,2683923112
468,Desirae,Yerill,dyerillcz@uiuc.edu,Female,4491269637
469,Reggis,Hynard,rhynardd0@mozilla.com,Male,2568422564
470,Sharl,Foreman,sforemand1@marriott.com,Female,5918966102
471,Crissie,Gallifont,cgallifontd2@sciencedirect.com,Female,2716728976
472,Xenos,Garbert,xgarbertd3@cmu.edu,Male,5239910804
473,Bibi,Toffanini,btoffaninid4@home.pl,Agender,4633616919
474,Evvie,Brouwer,ebrouwerd5@webmd.com,Female,4936835935
475,Mikael,Dell'Abbate,mdellabbated6@addtoany.com,Male,811353486
476,Candide,Whoolehan,cwhoolehand7@hp.com,Female,1676629599
477,Madelena,Leverington,mleveringtond8@webs.com,Female,9737339436
478,Amberly,Matura,amaturad9@skype.com,Female,6767493686
479,Mart,Megson,mmegsonda@wiley.com,Male,7096576592
480,Bernelle,Brisard,bbrisarddb@squidoo.com,Genderqueer,9657984750
481,Kaylil,Beckers,kbeckersdc@jimdo.com,Female,7121829401
482,Charmion,Loader,cloaderdd@nih.gov,Female,6122912875
483,Debbi,Backson,dbacksonde@github.com,Female,288709896
484,Sari,Pariss,sparissdf@toplist.cz,Female,5213759815
485,Derby,Spottiswood,dspottiswooddg@dagondesign.com,Male,4852846529
486,Maximilianus,Leadley,mleadleydh@unc.edu,Bigender,622900374
487,Felipe,Dolden,fdoldendi@army.mil,Male,2647444013
488,Leona,McQuarter,lmcquarterdj@slashdot.org,Female,2368232265
489,Whit,Brownhall,wbrownhalldk@europa.eu,Male,2181743266
490,Laure,Frow,lfrowdl@tumblr.com,Female,5030105131
491,Andi,Redford,aredforddm@army.mil,Female,8950809990
492,Auguste,Lightbourne,alightbournedn@yellowpages.com,Female,4478515212
493,Rodi,Santi,rsantido@mac.com,Female,460366130
494,Mortie,Noakes,mnoakesdp@icio.us,Male,6442552659
495,Josy,Rewcassell,jrewcasselldq@thetimes.co.uk,Female,6601354759
496,Francois,Persehouse,fpersehousedr@google.com.hk,Male,7884537249
497,Trent,Sloan,tsloands@home.pl,Male,8872796938
498,Krissy,Holyland,kholylanddt@canalblog.com,Female,6749684041
499,Alleyn,Borghese,aborghesedu@whitehouse.gov,Male,8050274853
500,Gerrie,Vanes,gvanesdv@ovh.net,Male,4618530847
501,Chaddy,D'Hooghe,cdhooghedw@liveinternet.ru,Male,1413793800
502,Beauregard,Crankshaw,bcrankshawdx@slashdot.org,Male,6884728698
503,Alister,Roelofs,aroelofsdy@tinypic.com,Male,8110368751
504,Harp,Frank,hfrankdz@sohu.com,Male,1553426975
505,Dwain,Ruddom,druddome0@imageshack.us,Male,3401900404
506,Nikki,Pregal,npregale1@cafepress.com,Polygender,1032907762
507,Pyotr,Banaszewski,pbanaszewskie2@stumbleupon.com,Male,5118480655
508,Drusy,Hopkyns,dhopkynse3@360.cn,Female,2885792779
509,Petronille,Salthouse,psalthousee4@cyberchimps.com,Female,923326111
510,Anthea,Copsey,acopseye5@simplemachines.org,Female,3715938870
511,Rhetta,Rehorek,rrehoreke6@soup.io,Female,8870820378
512,Clemmy,McGovern,cmcgoverne7@opensource.org,Female,267780478
513,Viki,Munslow,vmunslowe8@hostgator.com,Female,2323193619
514,Tiebold,Gerdes,tgerdese9@wordpress.org,Male,8564207249
515,Jephthah,Meekin,jmeekinea@ihg.com,Male,4621251112
516,Hale,Trent,htrenteb@goo.ne.jp,Male,4031987889
517,Chelsea,Lannin,clanninec@desdev.cn,Genderfluid,4539044303
518,Saunder,Lattimer,slattimered@google.fr,Male,617848092
519,Larissa,Romaines,lromainesee@xinhuanet.com,Female,6016891649
520,Georgianna,Stockney,gstockneyef@engadget.com,Female,4701821918
521,Mab,Sewell,msewelleg@comcast.net,Agender,780387260
522,Jillene,Rainy,jrainyeh@bigcartel.com,Genderfluid,3472066377
523,Freddie,De Cruze,fdecruzeei@eventbrite.com,Female,2309364371
524,Channa,Ochterlony,cochterlonyej@amazon.de,Female,1454466022
525,Helsa,Juster,hjusterek@cnn.com,Female,1425880762
526,Micky,Strutt,mstruttel@adobe.com,Genderqueer,2426457740
527,Jill,Roycroft,jroycroftem@xrea.com,Female,2088065423
528,Geordie,Dedam,gdedamen@people.com.cn,Male,5592042027
529,Christy,Jodkowski,cjodkowskieo@i2i.jp,Female,3147349179
530,Gabbie,Wellings,gwellingsep@diigo.com,Female,258277904
531,Madlen,Wallwood,mwallwoodeq@twitter.com,Bigender,5722316695
532,Illa,Jikylls,ijikyllser@pbs.org,Female,4291099053
533,Moshe,Harte,mhartees@posterous.com,Male,4000350498
534,Byrle,Agates,bagateset@nih.gov,Genderqueer,4250320871
535,Harrie,Yeandel,hyeandeleu@myspace.com,Genderfluid,9742207828
536,Pen,McKennan,pmckennanev@amazonaws.com,Male,9959083713
537,Alvira,Geaney,ageaneyew@weather.com,Female,8290713037
538,Bette,Organ,borganex@indiegogo.com,Female,9542640463
539,Dale,Bodiam,dbodiamey@furl.net,Female,3795047579
540,Justis,McTurley,jmcturleyez@psu.edu,Male,6283332633
541,Rockey,Domm,rdommf0@sohu.com,Male,7458172320
542,Ellynn,Olorenshaw,eolorenshawf1@whitehouse.gov,Female,8231501894
543,Hurlee,Lumbley,hlumbleyf2@ed.gov,Male,2929141654
544,D'arcy,Kullmann,dkullmannf3@opera.com,Male,8767958214
545,Claudette,Wickstead,cwicksteadf4@google.pl,Female,5343854400
546,Mikol,Dillaway,mdillawayf5@howstuffworks.com,Male,6427045377
547,Melitta,Diplock,mdiplockf6@facebook.com,Female,4381515145
548,Mickie,Landre,mlandref7@instagram.com,Female,9395502231
549,Cobby,Khan,ckhanf8@goodreads.com,Male,4086943689
550,Stern,Buney,sbuneyf9@cbsnews.com,Male,3831231788
551,Kathi,Draye,kdrayefa@theatlantic.com,Female,1521873011
552,Phoebe,Gunby,pgunbyfb@msn.com,Female,9453678767
553,Cornie,Langeley,clangeleyfc@feedburner.com,Male,3294350449
554,Marinna,Ashby,mashbyfd@aol.com,Bigender,6786917550
555,Salim,Masey,smaseyfe@telegraph.co.uk,Bigender,1993918817
556,Norri,Westhofer,nwesthoferff@wordpress.org,Female,6168922113
557,Corene,Colthurst,ccolthurstfg@instagram.com,Female,5713485129
558,Vassili,Chezier,vchezierfh@loc.gov,Male,8729311896
559,Arlyn,Rome,aromefi@epa.gov,Genderqueer,1189675951
560,Chantalle,Girhard,cgirhardfj@imgur.com,Female,923588493
561,Myrle,Boyen,mboyenfk@elegantthemes.com,Female,3178006419
562,Alyce,Kieff,akiefffl@pinterest.com,Female,3271661766
563,Westleigh,McNeice,wmcneicefm@freewebs.com,Male,3383358321
564,Jean,McLeese,jmcleesefn@army.mil,Male,9031251267
565,Kirbee,Turbill,kturbillfo@wikimedia.org,Female,3024310878
566,Guillema,Sheals,gshealsfp@acquirethisname.com,Female,3788890258
567,Lonna,William,lwilliamfq@ebay.com,Female,2101003511
568,Harley,Andrini,handrinifr@diigo.com,Male,232995273
569,Filberto,Pott,fpottfs@ebay.com,Male,9163743590
570,Jonathan,Thynne,jthynneft@ustream.tv,Male,2093462303
571,Tam,Fellis,tfellisfu@tripadvisor.com,Male,3451273160
572,Brockie,Boydle,bboydlefv@odnoklassniki.ru,Male,4432276282
573,Dody,Nicklinson,dnicklinsonfw@phoca.cz,Female,3582056880
574,Clareta,Balstone,cbalstonefx@bbb.org,Female,4167553848
575,Crysta,Danovich,cdanovichfy@webnode.com,Female,112778542
576,Willard,Harroway,wharrowayfz@shop-pro.jp,Male,7361196195
577,Kimberley,Quick,kquickg0@blogspot.com,Female,5780523088
578,Kenny,Gwilt,kgwiltg1@hud.gov,Male,6774576656
579,Claudia,Cheltnam,ccheltnamg2@archive.org,Female,5517229565
580,Pearline,Volonte,pvolonteg3@wp.com,Female,8797295175
581,Monah,Loyd,mloydg4@wix.com,Female,8359506612
582,Coop,Pryor,cpryorg5@friendfeed.com,Male,2646617194
583,Garvin,Basilone,gbasiloneg6@tinypic.com,Genderqueer,4930259606
584,Wilmar,Inglesfield,winglesfieldg7@narod.ru,Bigender,8898139683
585,Laurie,Alforde,lalfordeg8@canalblog.com,Female,5378943302
586,Maryjo,Ruggiero,mruggierog9@chronoengine.com,Female,3351702558
587,Tomasina,Koubu,tkoubuga@chronoengine.com,Female,9741783752
588,Jeffy,Haggie,jhaggiegb@weibo.com,Male,3956341279
589,Pail,McAnulty,pmcanultygc@diigo.com,Male,6501315336
590,Timofei,Stockoe,tstockoegd@yahoo.co.jp,Male,8580522196
591,Tonye,Rennels,trennelsge@chronoengine.com,Female,1197053719
592,Derby,Dyers,ddyersgf@engadget.com,Male,9035207513
593,Donn,Younge,dyoungegg@netvibes.com,Male,87552906
594,Sonnie,Plumley,splumleygh@altervista.org,Female,2502372291
595,Ann,Bumphrey,abumphreygi@last.fm,Female,5434437152
596,Earlie,Scoone,escoonegj@ameblo.jp,Male,8974531623
597,Alfonso,MacNulty,amacnultygk@mozilla.com,Male,9831267346
598,Rubia,Seivertsen,rseivertsengl@cafepress.com,Female,8292463836
599,Filippo,Gorbell,fgorbellgm@virginia.edu,Male,615807941
600,Osmund,Lock,olockgn@google.com.hk,Male,2870737637
601,Carree,Renols,crenolsgo@fastcompany.com,Female,2401631836
602,Nyssa,Dunbleton,ndunbletongp@sitemeter.com,Female,3093605415
603,Callie,Gonnelly,cgonnellygq@flavors.me,Female,9275255784
604,Cheston,Dickerson,cdickersongr@gizmodo.com,Male,1660689635
605,Ludvig,Muzzini,lmuzzinigs@hud.gov,Male,8116301187
606,West,Abrahamsohn,wabrahamsohngt@who.int,Male,8522670730
607,Kesley,Stranaghan,kstranaghangu@ox.ac.uk,Female,634574531
608,Pincas,Amoss,pamossgv@addtoany.com,Polygender,7532214036
609,Lorettalorna,Lanchester,llanchestergw@ning.com,Female,400303221
610,Esteban,Welchman,ewelchmangx@storify.com,Male,1492782599
611,Luther,Lamputt,llamputtgy@mit.edu,Male,1308487932
612,Heywood,Fist,hfistgz@chron.com,Male,2580494464
613,Jeri,Saunton,jsauntonh0@xinhuanet.com,Genderqueer,8363017302
614,Codi,Rhubottom,crhubottomh1@aol.com,Female,427752493
615,Diana,Edards,dedardsh2@ucla.edu,Female,7182663023
616,Sherye,Hamlett,shamletth3@lycos.com,Female,6593280976
617,Nicol,Tym,ntymh4@answers.com,Male,1162909161
618,Gasparo,Belvin,gbelvinh5@washington.edu,Male,9380767455
619,Patsy,Karran,pkarranh6@msn.com,Female,1322245266
620,Brinna,Vassbender,bvassbenderh7@addtoany.com,Female,4768188745
621,Malva,Poynser,mpoynserh8@earthlink.net,Female,2307950826
622,Kristina,Mathey,kmatheyh9@ucoz.com,Female,3334439828
623,Henrik,Reinger,hreingerha@ask.com,Male,674105303
624,Abeu,Springer,aspringerhb@slashdot.org,Male,1329909682
625,Josepha,Faldoe,jfaldoehc@about.com,Genderfluid,6309287745
626,Libbie,Owenson,lowensonhd@a8.net,Female,3633179399
627,Netta,Peggrem,npeggremhe@nih.gov,Female,4105853007
628,Isadora,Wixey,iwixeyhf@indiegogo.com,Female,9882730825
629,Sig,McAllen,smcallenhg@slashdot.org,Male,6145056398
630,Rae,Barme,rbarmehh@cnet.com,Female,8607579053
631,Adelina,Shimmans,ashimmanshi@wix.com,Female,6349615352
632,Verne,Orpin,vorpinhj@slashdot.org,Male,532967178
633,Lon,Delue,ldeluehk@google.de,Male,5377628969
634,Hadlee,Lukasik,hlukasikhl@cbsnews.com,Male,6104304419
635,Genia,Tole,gtolehm@theglobeandmail.com,Female,272469432
636,Davis,Burkert,dburkerthn@ycombinator.com,Male,5141618595
637,Edin,Herkess,eherkessho@gmpg.org,Polygender,4944566980
638,Dimitry,Muzzall,dmuzzallhp@omniture.com,Male,493715169
639,Elyse,Desesquelle,edesesquellehq@live.com,Female,8596240926
640,Sabina,Landsborough,slandsboroughhr@economist.com,Female,7199439628
641,Boycey,D'orsay,bdorsayhs@economist.com,Male,6610406634
642,Etty,Goodbanne,egoodbanneht@time.com,Female,726395579
643,Harlen,Blackader,hblackaderhu@virginia.edu,Male,8535022902
644,Samuel,Alekseev,salekseevhv@reverbnation.com,Bigender,9821996167
645,Bliss,Scourge,bscourgehw@twitter.com,Female,3805807503
646,Rozamond,Collister,rcollisterhx@independent.co.uk,Female,1129655814
647,Garey,Lamboll,glambollhy@icq.com,Male,9872404704
648,Rudolfo,Fancett,rfancetthz@usnews.com,Genderqueer,5875808012
649,Kaile,Strotton,kstrottoni0@de.vu,Female,1260686019
650,Lethia,Ancliff,lancliffi1@cam.ac.uk,Female,3321543184
651,Jojo,Kilmaster,jkilmasteri2@woothemes.com,Female,8900984837
652,Gris,Raitie,graitiei3@sun.com,Male,5800868425
653,Doyle,Lewzey,dlewzeyi4@google.it,Male,1775571971
654,Claudian,Drohane,cdrohanei5@google.ca,Male,4670754009
655,Murry,Ambresin,mambresini6@sourceforge.net,Male,1204962456
656,Gerti,Brickdale,gbrickdalei7@eepurl.com,Female,650666836
657,Moss,Kempshall,mkempshalli8@tripod.com,Male,3704626910
658,Vi,McClary,vmcclaryi9@rambler.ru,Female,808398016
659,Nye,Mate,nmateia@usa.gov,Male,6778876220
660,Hillie,Sterre,hsterreib@youtube.com,Male,9864283685
661,Jemimah,Blance,jblanceic@weather.com,Female,7782262399
662,Elfreda,Musico,emusicoid@tripod.com,Female,2585533115
663,Carey,Gainsborough,cgainsboroughie@kickstarter.com,Female,593451058
664,Wayne,Petchell,wpetchellif@woothemes.com,Male,422192805
665,Olivier,Charman,ocharmanig@virginia.edu,Male,447130528
666,Codi,Penhaleurack,cpenhaleurackih@answers.com,Agender,5458212452
667,Ring,Hayesman,rhayesmanii@hugedomains.com,Male,2789802378
668,Ragnar,Clyne,rclyneij@census.gov,Male,7929635570
669,Carr,Phizackarley,cphizackarleyik@washington.edu,Male,5676180331
670,Domingo,Blenkharn,dblenkharnil@redcross.org,Male,5351095564
671,Lorrie,Kendall,lkendallim@vinaora.com,Agender,3805329873
672,Tomaso,Paffot,tpaffotin@reddit.com,Male,8692629200
673,Merla,Partridge,mpartridgeio@spotify.com,Polygender,7088970465
674,Christel,Denacamp,cdenacampip@apache.org,Female,4114838783
675,Tana,Slader,tsladeriq@bing.com,Female,1479172642
676,Bertrando,Courcey,bcourceyir@delicious.com,Male,9880159160
677,Welby,Davydychev,wdavydychevis@ezinearticles.com,Non-binary,5533560556
678,Geralda,Castille,gcastilleit@ameblo.jp,Female,5496837502
679,Bradly,Naldrett,bnaldrettiu@cdbaby.com,Male,8886728522
680,Valencia,Martill,vmartilliv@discovery.com,Female,978556429
681,Kermit,Jurges,kjurgesiw@theglobeandmail.com,Male,6731391573
682,Isadora,Milella,imilellaix@de.vu,Female,1476405832
683,Anni,Ortiger,aortigeriy@comsenz.com,Female,3814999746
684,Alex,Highwood,ahighwoodiz@nymag.com,Male,3254849574
685,Moe,Heales,mhealesj0@soundcloud.com,Male,6139677556
686,Biddy,Anetts,banettsj1@blogger.com,Female,1647878551
687,Cheston,Grangier,cgrangierj2@google.cn,Male,3301003397
688,Miner,Tabert,mtabertj3@mapquest.com,Male,8044068031
689,Job,McHaffy,jmchaffyj4@zdnet.com,Male,5564974662
690,Myrle,Lombard,mlombardj5@ask.com,Non-binary,3535941083
691,Alasteir,Crum,acrumj6@yelp.com,Male,3778131893
692,Ashien,Strahan,astrahanj7@adobe.com,Female,430561326
693,Vinny,Methuen,vmethuenj8@indiegogo.com,Male,5737014029
694,Goldina,Covotti,gcovottij9@imdb.com,Female,3208721463
695,Corilla,Guy,cguyja@google.co.uk,Female,9607761464
696,Vidovik,O' Mulderrig,vomulderrigjb@friendfeed.com,Male,806055758
697,Clarke,Mardoll,cmardolljc@theguardian.com,Male,2683988796
698,Marcia,Youell,myouelljd@latimes.com,Female,6908370933
699,Roi,Doig,rdoigje@ihg.com,Male,1372847685
700,Rania,Windress,rwindressjf@acquirethisname.com,Female,5914940176
701,Cornell,Dexter,cdexterjg@independent.co.uk,Male,5228148019
702,Jammal,Prujean,jprujeanjh@networksolutions.com,Male,3795202280
703,Enrika,Jarrette,ejarretteji@dell.com,Female,1856576183
704,Broddy,Chantler,bchantlerjj@thetimes.co.uk,Male,6610674582
705,Jeremie,Knightly,jknightlyjk@alexa.com,Male,9428958670
706,Jewell,Mulhall,jmulhalljl@slideshare.net,Female,4971978623
707,Kare,Eccleston,kecclestonjm@github.com,Female,1311189688
708,Crin,Bullimore,cbullimorejn@ibm.com,Female,7723707118
709,Titos,Bewshire,tbewshirejo@sphinn.com,Male,7070974426
710,Humfried,Pocknoll,hpocknolljp@mac.com,Male,6580722622
711,Hillier,Issacson,hissacsonjq@facebook.com,Male,3200377887
712,Lenard,Littlefair,llittlefairjr@usda.gov,Male,772994455
713,Mei,Jahncke,mjahnckejs@businessinsider.com,Female,1128582902
714,Catina,Louca,cloucajt@mayoclinic.com,Female,72428511
715,Augy,Gilson,agilsonju@bluehost.com,Male,7430053564
716,Julianna,Albert,jalbertjv@aol.com,Female,7664119006
717,Emelia,Beetham,ebeethamjw@ameblo.jp,Female,67453155
718,Shalom,Broadstock,sbroadstockjx@addtoany.com,Male,3995720013
719,Amargo,McClymond,amcclymondjy@sbwire.com,Bigender,6279083845
720,Sigrid,Mc Faul,smcfauljz@google.ca,Female,5973479838
721,Chen,Pedreschi,cpedreschik0@exblog.jp,Male,7680265925
722,Demetris,Van Halen,dvanhalenk1@about.me,Male,1172704090
723,Celestia,McMickan,cmcmickank2@themeforest.net,Female,3242996976
724,Amber,Broughton,abroughtonk3@paypal.com,Female,3770145658
725,Vaughan,O'Towey,votoweyk4@csmonitor.com,Male,685435784
726,Bonnie,Teresse,bteressek5@house.gov,Female,3059970564
727,Bryna,Turbefield,bturbefieldk6@buzzfeed.com,Female,3380528218
728,Addy,O' Flaherty,aoflahertyk7@usatoday.com,Polygender,4828838597
729,Ailsun,Styan,astyank8@ucsd.edu,Non-binary,9981676284
730,Francisco,Sockell,fsockellk9@surveymonkey.com,Male,8765127455
731,Robers,Eick,reickka@multiply.com,Male,2243894998
732,Christophorus,MacAllen,cmacallenkb@umich.edu,Male,3133576070
733,Jon,Nevet,jnevetkc@newsvine.com,Male,3436634646
734,Cyrill,Zupone,czuponekd@deviantart.com,Male,658735578
735,Hermie,Sheryne,hsheryneke@ibm.com,Male,6204749153
736,Ritchie,Thrasher,rthrasherkf@sfgate.com,Male,2131593732
737,Wes,Crosetto,wcrosettokg@ucsd.edu,Genderqueer,9189128524
738,Alejoa,Ridwood,aridwoodkh@geocities.jp,Male,3311890116
739,Reagan,Verduin,rverduinki@dailymail.co.uk,Male,1410182673
740,Catlee,Hainge,chaingekj@google.com,Female,2502287154
741,Faye,Leyes,fleyeskk@topsy.com,Female,5722203513
742,Giuditta,Colcomb,gcolcombkl@networkadvertising.org,Female,3315554129
743,Adler,Haydney,ahaydneykm@mtv.com,Male,1190475103
744,Gail,Grisedale,ggrisedalekn@imdb.com,Female,5243688444
745,Madeline,Gerrans,mgerransko@dmoz.org,Female,9238755698
746,Flynn,Van Niekerk,fvanniekerkkp@cnet.com,Male,9686403647
747,Crosby,Yakebovich,cyakebovichkq@cdbaby.com,Male,2604077000
748,Erma,Paddie,epaddiekr@cloudflare.com,Female,7026835459
749,Laney,Carbert,lcarbertks@biblegateway.com,Male,6286978860
750,Vere,Freke,vfrekekt@unc.edu,Female,222015446
751,Kacey,Antonignetti,kantonignettiku@sciencedaily.com,Female,856318612
752,Chance,Dallman,cdallmankv@parallels.com,Male,7307870347
753,Coreen,Clappson,cclappsonkw@si.edu,Female,2572975610
754,Lonnard,Brewins,lbrewinskx@biblegateway.com,Male,9340914856
755,Nahum,Tenaunt,ntenauntky@xing.com,Male,1770707409
756,Nikola,Nerger,nnergerkz@state.tx.us,Male,8768398948
757,Iver,Whiteoak,iwhiteoakl0@de.vu,Genderqueer,3658763701
758,Pierce,Likely,plikelyl1@bloglovin.com,Male,9722830783
759,Marje,Waiton,mwaitonl2@4shared.com,Female,727820214
760,Lauralee,Jeays,ljeaysl3@nationalgeographic.com,Female,587363649
761,Alexandr,Grimster,agrimsterl4@nature.com,Male,8751111071
762,Joana,Fauning,jfauningl5@over-blog.com,Female,1090650434
763,Chevy,Sandever,csandeverl6@bravesites.com,Male,2441526804
764,Sue,Keri,skeril7@etsy.com,Female,8232393521
765,Jemie,Geraudy,jgeraudyl8@usda.gov,Female,501003991
766,Konrad,Goulder,kgoulderl9@telegraph.co.uk,Male,4118083930
767,Reena,Lockyear,rlockyearla@ocn.ne.jp,Female,1649178670
768,Della,Ransley,dransleylb@123-reg.co.uk,Female,3804588875
769,Farrel,Prestie,fprestielc@mtv.com,Male,5807067754
770,Lanie,Bothbie,lbothbield@weibo.com,Male,5104417166
771,Shelley,Coyish,scoyishle@shutterfly.com,Male,6418198182
772,Guendolen,Gepheart,ggepheartlf@mit.edu,Female,4722713324
773,Simon,Peart,speartlg@netscape.com,Male,8958010703
774,Tan,Lucia,tlucialh@mail.ru,Male,2641640368
775,Devin,Downer,ddownerli@hibu.com,Genderqueer,3027057472
776,Elna,Livermore,elivermorelj@goo.ne.jp,Female,9676505234
777,Emmaline,Rein,ereinlk@zdnet.com,Female,6840536602
778,Carol-jean,Manilove,cmanilovell@constantcontact.com,Female,2499618140
779,Garnet,Mauchline,gmauchlinelm@ucoz.ru,Female,6634266425
780,Viki,Mustoe,vmustoeln@cbsnews.com,Female,235735809
781,Ardine,Keene,akeenelo@constantcontact.com,Female,3952924369
782,Finlay,Plaschke,fplaschkelp@spotify.com,Male,4689259992
783,Kali,Gellately,kgellatelylq@networksolutions.com,Female,1815027746
784,Winfield,Phettiplace,wphettiplacelr@google.pl,Male,2985440939
785,Jacklyn,Cours,jcoursls@1688.com,Female,6935900506
786,Ilyssa,Treharne,itreharnelt@amazon.com,Female,2922554953
787,Ailsun,Hutcheon,ahutcheonlu@google.de,Female,4602864449
788,Udall,Slarke,uslarkelv@addthis.com,Male,7013102377
789,Mychal,Chadburn,mchadburnlw@rambler.ru,Male,361274327
790,Buckie,Skevington,bskevingtonlx@youku.com,Male,7931907957
791,Niel,Straffon,nstraffonly@paginegialle.it,Male,232271062
792,Kris,Haslum,khaslumlz@miibeian.gov.cn,Female,4347755589
793,Waiter,Corzor,wcorzorm0@hatena.ne.jp,Male,8597855452
794,Dilan,Stealey,dstealeym1@google.com,Male,4310069800
795,Cherlyn,Paddington,cpaddingtonm2@goo.ne.jp,Genderfluid,4639559089
796,Rosemarie,Chasmar,rchasmarm3@pbs.org,Female,7030113853
797,Kellen,Huxton,khuxtonm4@pinterest.com,Agender,7222249672
798,Sergeant,Latek,slatekm5@artisteer.com,Male,2149367149
799,Bambi,Maudlen,bmaudlenm6@wordpress.org,Non-binary,1127421980
800,Talbert,Leachman,tleachmanm7@yellowbook.com,Male,3283746028
801,Shela,Joska,sjoskam8@list-manage.com,Female,7701469109
802,Etienne,Lissandri,elissandrim9@icq.com,Male,1101547391
803,Bronson,Malenfant,bmalenfantma@symantec.com,Male,9216854553
804,Clarice,Sellek,csellekmb@cnn.com,Female,6001756597
805,Chandra,Clawson,cclawsonmc@etsy.com,Genderqueer,3833979801
806,Alejoa,Sieghard,asieghardmd@yolasite.com,Male,2752544235
807,Frederik,Chieze,fchiezeme@soup.io,Male,5063445039
808,Brittany,Cornilleau,bcornilleaumf@t.co,Female,7780139328
809,Vinny,Gwin,vgwinmg@ucoz.com,Female,4346644961
810,Clemence,Meiklem,cmeiklemmh@360.cn,Female,2623230625
811,Paolo,Feasley,pfeasleymi@ox.ac.uk,Male,8922338601
812,Jeth,Gowdie,jgowdiemj@paypal.com,Male,416698123
813,Chrissy,Dumbellow,cdumbellowmk@weather.com,Female,1940669561
814,Annabela,McQuaid,amcquaidml@gizmodo.com,Female,1095021516
815,Vitia,Tindle,vtindlemm@mediafire.com,Female,9013803679
816,Beryl,Gosdin,bgosdinmn@wikipedia.org,Female,6392195467
817,Aridatha,De Bruijne,adebruijnemo@vinaora.com,Female,8734913513
818,Corri,Ternouth,cternouthmp@netlog.com,Female,176799915
819,Prinz,Leagas,pleagasmq@instagram.com,Male,242387225
820,Anatole,Macey,amaceymr@netvibes.com,Male,4130639978
821,Fraser,Ellesworth,fellesworthms@harvard.edu,Male,7840380840
822,Laurianne,Climson,lclimsonmt@arizona.edu,Female,1077230079
823,Griffin,Doolan,gdoolanmu@loc.gov,Male,9490999911
824,Janela,Scarr,jscarrmv@tuttocitta.it,Non-binary,3972003676
825,Friedrich,Schult,fschultmw@moonfruit.com,Male,7478325033
826,Linnie,Loughran,lloughranmx@dyndns.org,Female,3609855010
827,Joletta,Haldene,jhaldenemy@xrea.com,Female,5981440155
828,Kenna,Abbatini,kabbatinimz@berkeley.edu,Female,1699504113
829,Colene,Oxteby,coxtebyn0@jugem.jp,Female,562072934
830,Oran,Tritten,otrittenn1@google.es,Non-binary,6222096239
831,Atlanta,Jewers,ajewersn2@cbc.ca,Female,7427583213
832,Vance,Corse,vcorsen3@cdc.gov,Male,9894891659
833,Barnett,Falla,bfallan4@blogtalkradio.com,Male,711625603
834,Justina,Kuscha,jkuschan5@stanford.edu,Female,8918654464
835,Obidiah,Binge,obingen6@about.com,Polygender,7103007209
836,Jena,Waumsley,jwaumsleyn7@ucoz.ru,Female,3904206192
837,Felizio,Axcell,faxcelln8@cyberchimps.com,Male,9564874777
838,Blair,Cankett,bcankettn9@squidoo.com,Male,1001281802
839,Charo,Eagleton,ceagletonna@businessinsider.com,Female,6959268834
840,Yorgos,Rennard,yrennardnb@ameblo.jp,Male,8019442510
841,Humphrey,Juanes,hjuanesnc@jugem.jp,Male,1811380042
842,Cosmo,Rabat,crabatnd@deviantart.com,Male,5259204905
843,Meggie,Bolens,mbolensne@miibeian.gov.cn,Female,2666943771
844,Jasun,Thick,jthicknf@facebook.com,Male,3025623888
845,Arny,Oldam,aoldamng@cornell.edu,Male,7679549109
846,Zacharias,Ratley,zratleynh@reuters.com,Male,2897644907
847,Portie,Dubble,pdubbleni@nymag.com,Male,4912052191
848,Cloe,Faulo,cfaulonj@istockphoto.com,Female,8590945189
849,Nathanial,Shiel,nshielnk@altervista.org,Male,7822902423
850,Roland,Mowat,rmowatnl@walmart.com,Male,5223465504
851,Eyde,Winsor,ewinsornm@theglobeandmail.com,Genderqueer,8079734429
852,Lissy,Whitmore,lwhitmorenn@hc360.com,Female,6596506622
853,Sidney,O'Glassane,soglassaneno@meetup.com,Male,4068077029
854,Lorinda,Osanne,losannenp@ebay.co.uk,Female,1833816102
855,Carlin,Blaber,cblabernq@craigslist.org,Male,2424542066
856,Thedrick,Jentges,tjentgesnr@java.com,Male,1999344332
857,Sasha,Wiggett,swiggettns@goo.gl,Male,9625900322
858,Doralynne,Bedle,dbedlent@usa.gov,Female,2048477690
859,Alaric,Harby,aharbynu@howstuffworks.com,Male,6259289189
860,Cosetta,Reggiani,creggianinv@360.cn,Female,6019979105
861,Jerrie,Ruthen,jruthennw@joomla.org,Male,4706328578
862,Hurleigh,Disman,hdismannx@engadget.com,Male,9512210460
863,Noelyn,Brazear,nbrazearny@china.com.cn,Bigender,298091542
864,Ariel,Trobe,atrobenz@yolasite.com,Female,1517951771
865,Stefano,MacDonald,smacdonaldo0@ucla.edu,Male,3954177684
866,Lianne,Van den Bosch,lvandenboscho1@nba.com,Female,4329321823
867,Morris,Kellert,mkellerto2@dyndns.org,Male,241008697
868,Livvie,Sheeres,lsheereso3@java.com,Female,6552243235
869,Manfred,Bladder,mbladdero4@washington.edu,Male,3684314048
870,Drona,Pearsall,dpearsallo5@cmu.edu,Female,7554269992
871,Kinna,Hanwright,khanwrighto6@spiegel.de,Female,2993342959
872,Etheline,Livezley,elivezleyo7@theglobeandmail.com,Female,7749678441
873,Eberhard,Ledford,eledfordo8@sciencedirect.com,Male,2958031136
874,Shani,Januszewski,sjanuszewskio9@elegantthemes.com,Female,844904724
875,Sansone,Cokayne,scokayneoa@themeforest.net,Male,8612331196
876,Allsun,Trulock,atrulockob@yandex.ru,Female,7711939574
877,Garth,Chastelain,gchastelainoc@purevolume.com,Male,2431768724
878,Thaxter,Drage,tdrageod@youtu.be,Male,9327226852
879,Tyson,Munt,tmuntoe@go.com,Male,9124136069
880,Helaina,Chaldecott,hchaldecottof@cafepress.com,Female,1413107281
881,Antonius,Loan,aloanog@diigo.com,Male,7594274776
882,Phylys,Baseke,pbasekeoh@cloudflare.com,Non-binary,3444393113
883,Marya,Tryme,mtrymeoi@google.ru,Female,4384225156
884,Yule,Rozalski,yrozalskioj@bing.com,Male,629235546
885,Mirna,Minton,mmintonok@theatlantic.com,Female,5802191643
886,Jock,Stit,jstitol@123-reg.co.uk,Male,4781481469
887,Kristopher,Voelker,kvoelkerom@examiner.com,Agender,451070720
888,Howey,Szubert,hszuberton@columbia.edu,Male,6236064946
889,Hillier,Bromell,hbromelloo@census.gov,Male,6400931910
890,Glyn,Benam,gbenamop@unc.edu,Female,8987277186
891,Jeth,Heynen,jheynenoq@dion.ne.jp,Male,5713927458
892,Engracia,Gehringer,egehringeror@nps.gov,Female,2647371423
893,Carmita,Bedboro,cbedboroos@live.com,Female,4878595124
894,Tandy,Orys,torysot@cbsnews.com,Female,2458304303
895,Corbett,Kiessel,ckiesselou@twitter.com,Male,2039877037
896,Diego,Raithmill,draithmillov@chron.com,Male,3158499193
897,Ninon,Mitchener,nmitchenerow@ning.com,Female,2813286397
898,Ailyn,Butting,abuttingox@gnu.org,Agender,6338397650
899,Manon,McCathie,mmccathieoy@people.com.cn,Polygender,4942693632
900,Asia,Cambden,acambdenoz@topsy.com,Female,1599157225
901,Bambie,Axcell,baxcellp0@zimbio.com,Female,5924010384
902,Web,Longhi,wlonghip1@mayoclinic.com,Male,7452503856
903,Ashlen,Reek,areekp2@admin.ch,Female,6981853086
904,Earvin,Baglan,ebaglanp3@netvibes.com,Agender,7733194210
905,Bertie,Spiers,bspiersp4@bravesites.com,Female,220072159
906,Keven,Davidou,kdavidoup5@feedburner.com,Male,9815769553
907,Kerry,Masi,kmasip6@wikimedia.org,Female,7287541203
908,Fonsie,Tift,ftiftp7@ebay.co.uk,Male,9197287989
909,Olenka,Lewsam,olewsamp8@usatoday.com,Female,5746170623
910,Dorelle,Taill,dtaillp9@sogou.com,Female,5782721707
911,Diane-marie,Cucuzza,dcucuzzapa@goo.gl,Female,5352542890
912,Megan,Chilcott,mchilcottpb@miitbeian.gov.cn,Genderfluid,8149317740
913,Jared,Billing,jbillingpc@51.la,Male,9157048673
914,Brewer,Iannuzzelli,biannuzzellipd@sciencedirect.com,Male,1394155492
915,Charil,Rumming,crummingpe@photobucket.com,Genderqueer,5731651736
916,Winslow,Rosenstein,wrosensteinpf@ft.com,Male,7096012893
917,Aldis,Killingsworth,akillingsworthpg@nytimes.com,Male,8272829304
918,Isabella,Lethabridge,ilethabridgeph@hud.gov,Female,1828033561
919,Bryn,Offell,boffellpi@amazon.com,Female,6704193731
920,Quillan,Marshland,qmarshlandpj@phpbb.com,Male,7117341831
921,Arlin,Fairburn,afairburnpk@newsvine.com,Male,386836191
922,Jory,Kelinge,jkelingepl@zimbio.com,Genderqueer,7262057758
923,Morgan,Bendig,mbendigpm@sfgate.com,Polygender,4831808385
924,Rem,Huyton,rhuytonpn@wsj.com,Male,2202495118
925,Brena,Beelby,bbeelbypo@google.com.au,Female,5532267006
926,Hamish,Phare,hpharepp@163.com,Male,8379037413
927,Herc,Korn,hkornpq@amazonaws.com,Male,3553515120
928,Dalton,Stiles,dstilespr@imageshack.us,Male,5745372990
929,Devora,Healey,dhealeyps@wired.com,Female,224993372
930,Hanni,Blaske,hblaskept@macromedia.com,Female,2598646347
931,Linell,Thairs,lthairspu@house.gov,Female,5902578485
932,Darryl,Scrogges,dscroggespv@guardian.co.uk,Male,1251890067
933,Berti,Bruins,bbruinspw@elpais.com,Female,7559784887
934,Raddy,Degoe,rdegoepx@ibm.com,Genderqueer,1916524397
935,Emmy,Steptow,esteptowpy@blogspot.com,Female,6206204537
936,Darrelle,Hawthorne,dhawthornepz@blogspot.com,Female,7919396506
937,Aarika,Costanza,acostanzaq0@ucsd.edu,Female,7192677159
938,Colline,Treker,ctrekerq1@gov.uk,Agender,3754132962
939,Annabela,Capner,acapnerq2@ihg.com,Female,8061002418
940,Neddy,Vawton,nvawtonq3@chicagotribune.com,Male,4008184821
941,Mead,Wimpenny,mwimpennyq4@accuweather.com,Male,3698734141
942,Morgan,Noon,mnoonq5@seesaa.net,Male,6443732316
943,Nadya,Gash,ngashq6@merriam-webster.com,Female,7148138574
944,Rickey,Krollmann,rkrollmannq7@elpais.com,Male,8188644749
945,Wilhelm,Pleager,wpleagerq8@eepurl.com,Male,7967198352
946,Sunshine,O'Kelly,sokellyq9@elegantthemes.com,Female,7512412983
947,Torrance,Udall,tudallqa@hc360.com,Male,3044586224
948,Georg,Rigate,grigateqb@bigcartel.com,Non-binary,93413890
949,Malinde,Gonzales,mgonzalesqc@webnode.com,Female,859085139
950,Elinore,Showell,eshowellqd@privacy.gov.au,Female,6534261251
951,Alexandra,Lambertson,alambertsonqe@sohu.com,Female,3525553684
952,Caz,Glanfield,cglanfieldqf@apache.org,Male,2078942308
953,Ewart,Swinford,eswinfordqg@mtv.com,Male,8920784736
954,Brandi,Labrum,blabrumqh@redcross.org,Female,5393342837
955,Tremaine,Fley,tfleyqi@sohu.com,Male,5249533272
956,Dwayne,Jentet,djentetqj@behance.net,Male,7262436961
957,Arni,Doxey,adoxeyqk@goodreads.com,Male,2660304408
958,Dorita,Gianulli,dgianulliql@businessweek.com,Female,6161747650
959,Iorgo,Aukland,iauklandqm@prnewswire.com,Male,5312037230
960,Bron,Clardge,bclardgeqn@twitpic.com,Male,4007421358
961,Annora,Hayto,ahaytoqo@webs.com,Female,4458943138
962,Wilhelmina,Flament,wflamentqp@dagondesign.com,Female,2364024773
963,Duky,Booi,dbooiqq@ucoz.com,Male,9146583408
964,Nanon,Peacey,npeaceyqr@csmonitor.com,Female,6258747221
965,Windy,Brunelli,wbrunelliqs@ow.ly,Female,800269896
966,Hercule,Critchard,hcritchardqt@globo.com,Male,738595837
967,Wernher,Patis,wpatisqu@fotki.com,Male,7965598450
968,Wolfie,Castagna,wcastagnaqv@adobe.com,Male,6697166843
969,Bailey,MacCahey,bmaccaheyqw@booking.com,Male,8696832906
970,Rhianon,Lebbon,rlebbonqx@youtu.be,Female,4514188247
971,Yvon,Faulder,yfaulderqy@macromedia.com,Male,5820864484
972,Sarene,Cornillot,scornillotqz@youtu.be,Genderqueer,309267633
973,Farlay,Shewan,fshewanr0@vinaora.com,Male,3746546192
974,Edeline,Billington,ebillingtonr1@alibaba.com,Female,2529564515
975,Corissa,Ramberg,crambergr2@go.com,Female,8653856056
976,Whit,Kurth,wkurthr3@stanford.edu,Male,4124726775
977,Wally,Shropsheir,wshropsheirr4@omniture.com,Male,4115473657
978,Wes,Knee,wkneer5@aboutads.info,Male,8390914832
979,Teresa,Dargan,tdarganr6@pcworld.com,Female,2660237085
980,Antoni,Gauche,agaucher7@google.it,Male,1606656198
981,Rolfe,Prendiville,rprendiviller8@about.me,Male,7887006589
982,Kennan,Ishaki,kishakir9@topsy.com,Male,5265515518
983,Farlee,Umpleby,fumplebyra@dion.ne.jp,Male,8811230004
984,Kelcey,Parlott,kparlottrb@bravesites.com,Female,3907513843
985,Shannon,Fairnington,sfairningtonrc@themeforest.net,Male,4136126743
986,Nicol,Narracott,nnarracottrd@goodreads.com,Female,6917602620
987,Brandais,Knoles,bknolesre@feedburner.com,Female,63387972
988,Guss,Cuphus,gcuphusrf@prlog.org,Male,9537025799
989,Raquel,Trythall,rtrythallrg@accuweather.com,Female,6383512315
990,Alikee,Drought,adroughtrh@sfgate.com,Female,2429592649
991,Felix,Chivers,fchiversri@nationalgeographic.com,Male,7266877431
992,Rhody,Temple,rtemplerj@kickstarter.com,Female,1331114667
993,Cassie,Gates,cgatesrk@godaddy.com,Female,5288301581
994,Koren,Delamaine,kdelamainerl@google.ca,Female,574889493
995,Raff,Bonus,rbonusrm@devhub.com,Male,670702455
996,Manda,Fordham,mfordhamrn@senate.gov,Female,1750553201
997,Steffi,Clement,sclementro@hibu.com,Polygender,7152894930
998,Nial,Pawlaczyk,npawlaczykrp@clickbank.net,Male,2616763923
999,Simon,Marden,smardenrq@china.com.cn,Male,3082039502
1000,Celestyna,Durnan,cdurnanrr@state.gov,Female,8012721724
1001,Caria,Cassley,ccassley0@gov.uk,Female,2839758261
1002,Araldo,Berthot,aberthot1@usgs.gov,Male,2695936753
1003,Selestina,Rodenburg,srodenburg2@rakuten.co.jp,Female,1976004632
1004,Sterne,Brickham,sbrickham3@icq.com,Male,3854637403
1005,Valle,Fardon,vfardon4@china.com.cn,Male,9805694178
1006,Kristopher,Vigurs,kvigurs5@over-blog.com,Male,1572088095
1007,Coleen,Hallstone,challstone6@stanford.edu,Female,826203701
1008,Kissie,Matasov,kmatasov7@prweb.com,Female,3881514333
1009,Allys,MacKnocker,amacknocker8@rakuten.co.jp,Female,2478103605
1010,Everett,Loadsman,eloadsman9@privacy.gov.au,Male,657055816
1011,Binni,Franzini,bfranzinia@ihg.com,Female,9737967267
1012,Mayer,Yashunin,myashuninb@nba.com,Polygender,9230445185
1013,Mariel,Sobieski,msobieskic@cnn.com,Female,4114337067
1014,Orv,Mattam,omattamd@redcross.org,Male,3854318642
1015,Alonzo,Dupree,adupreee@accuweather.com,Male,4223763318
1016,Datha,Whaplington,dwhaplingtonf@washingtonpost.com,Polygender,9238408793
1017,Luis,Simonnet,lsimonnetg@furl.net,Male,3321671336
1018,Amalie,Lemon,alemonh@europa.eu,Female,3946871313
1019,Lamar,Maddy,lmaddyi@yolasite.com,Male,4091564593
1020,Cornelia,Rathborne,crathbornej@google.co.jp,Female,5824598185
1021,Wolf,Sullivan,wsullivank@opensource.org,Male,4580960394
1022,Emmy,Ferrar,eferrarl@bluehost.com,Female,1589764102
1023,Renaud,Gossipin,rgossipinm@hao123.com,Male,8161175047
1024,Robin,Messam,rmessamn@ucoz.ru,Male,4402931142
1025,Tripp,Olensby,tolensbyo@ihg.com,Male,329271733
1026,Lucita,Ellsworthe,lellsworthep@google.co.jp,Female,9769425222
1027,Joelie,Petrolli,jpetrolliq@google.com.au,Female,1586830392
1028,Garwood,Colly,gcollyr@nps.gov,Male,8872732298
1029,Daryl,Piscopello,dpiscopellos@microsoft.com,Female,9705437114
1030,Maddy,Butts,mbuttst@biglobe.ne.jp,Female,6298159371
1031,Lissa,Chaudrelle,lchaudrelleu@buzzfeed.com,Agender,454634838
1032,Jeanna,Keppe,jkeppev@walmart.com,Female,206338724
1033,Kira,Meadmore,kmeadmorew@unc.edu,Female,3422444092
1034,Malcolm,Castelow,mcastelowx@ycombinator.com,Male,6950227590
1035,Ruggiero,Ronayne,rronayney@youtube.com,Male,4084510963
1036,Holly,Thowless,hthowlessz@discovery.com,Male,775677787
1037,Brett,Monkeman,bmonkeman10@redcross.org,Agender,4346227120
1038,Trueman,Spreag,tspreag11@google.fr,Male,6251015942
1039,Burnard,Dracksford,bdracksford12@nifty.com,Male,9495945658
1040,Creigh,Baggs,cbaggs13@squidoo.com,Male,5947619083
1041,Carita,McKillop,cmckillop14@wikipedia.org,Female,7526078770
1042,Cullin,Phython,cphython15@ustream.tv,Male,9071144496
1043,Burr,Weigh,bweigh16@vkontakte.ru,Male,1286954126
1044,Harrison,Mauro,hmauro17@rambler.ru,Bigender,7012963204
1045,Gordie,Drei,gdrei18@networkadvertising.org,Male,5763370643
1046,Taylor,Basili,tbasili19@geocities.jp,Male,3148773926
1047,Giordano,Dabel,gdabel1a@google.es,Male,7629506449
1048,Tiff,Plett,tplett1b@xinhuanet.com,Female,2476531839
1049,Jorgan,Wildman,jwildman1c@bloglines.com,Genderfluid,6643069106
1050,Anastassia,Gurton,agurton1d@goo.ne.jp,Female,4138435077
1051,Charmion,Jeroch,cjeroch1e@paypal.com,Female,3830471890
1052,Dene,Elener,delener1f@lulu.com,Male,3738608982
1053,Jayne,Sharpe,jsharpe1g@biblegateway.com,Female,3264971097
1054,Allyn,Middlehurst,amiddlehurst1h@ovh.net,Male,6143741344
1055,Kirsti,Phillcox,kphillcox1i@state.tx.us,Female,3587790418
1056,Arleta,McKennan,amckennan1j@ed.gov,Female,4415037585
1057,Alec,Habbert,ahabbert1k@mapquest.com,Male,7390865490
1058,Celinda,Godart,cgodart1l@china.com.cn,Female,3756407039
1059,Dacey,Yakebowitch,dyakebowitch1m@nytimes.com,Female,2502203562
1060,Ceciley,Bartalot,cbartalot1n@virginia.edu,Female,3965488651
1061,Gabriella,Breitler,gbreitler1o@list-manage.com,Female,2312569558
1062,Timmi,Antuoni,tantuoni1p@ustream.tv,Female,1211393674
1063,Bronson,Lumb,blumb1q@wikia.com,Male,7833847135
1064,Gare,Esslemont,gesslemont1r@mail.ru,Male,5852058416
1065,Lazarus,Vaughten,lvaughten1s@virginia.edu,Male,3206248329
1066,Tadeo,Josh,tjosh1t@epa.gov,Male,4240726123
1067,Skipp,Shakelady,sshakelady1u@buzzfeed.com,Genderqueer,4029048854
1068,Deeann,Ord,dord1v@cbsnews.com,Female,1636300405
1069,Ritchie,Clarycott,rclarycott1w@yolasite.com,Male,4645469894
1070,Thibaud,Hanington,thanington1x@mayoclinic.com,Male,4505263800
1071,Jordanna,McQuin,jmcquin1y@scribd.com,Female,5381244126
1072,Julius,Heinssen,jheinssen1z@stumbleupon.com,Male,1652844864
1073,Genevra,Maybey,gmaybey20@mozilla.com,Female,6734801926
1074,Hanan,Yankishin,hyankishin21@pinterest.com,Male,237354438
1075,Hillary,Dockrell,hdockrell22@bing.com,Male,2065920319
1076,Hugo,Bosquet,hbosquet23@theguardian.com,Male,5688788887
1077,Karisa,Bendix,kbendix24@wiley.com,Female,553558358
1078,Eddy,Gethings,egethings25@usa.gov,Female,3447833726
1079,Elbert,Reisenstein,ereisenstein26@scribd.com,Male,3350938108
1080,Ruby,Sneller,rsneller27@statcounter.com,Agender,8093846530
1081,Dulcy,McGillivrie,dmcgillivrie28@yahoo.co.jp,Female,1264716907
1082,Reade,Dodsworth,rdodsworth29@wikispaces.com,Male,3969676517
1083,Myrlene,de Wilde,mdewilde2a@dot.gov,Female,221709649
1084,Izzy,Renahan,irenahan2b@liveinternet.ru,Male,3381575406
1085,Darleen,Augustine,daugustine2c@icq.com,Female,8200509109
1086,Say,Davidovsky,sdavidovsky2d@statcounter.com,Male,6008264142
1087,Peri,Asey,pasey2e@nymag.com,Female,1273475216
1088,Dirk,Cleyburn,dcleyburn2f@nifty.com,Male,8420951714
1089,Lisle,Jiri,ljiri2g@ezinearticles.com,Male,56068107
1090,Shaun,Simison,ssimison2h@washington.edu,Male,5307655118
1091,Dena,Dalyell,ddalyell2i@loc.gov,Female,6928827033
1092,Emelda,Wedge,ewedge2j@instagram.com,Non-binary,5738190750
1093,Chastity,Fellos,cfellos2k@cbc.ca,Female,5407996073
1094,Nonna,Stanlake,nstanlake2l@clickbank.net,Female,5283085171
1095,Corissa,Padbery,cpadbery2m@ow.ly,Bigender,244972192
1096,Rhiamon,Telfer,rtelfer2n@reddit.com,Female,8501330361
1097,Margarete,McKern,mmckern2o@creativecommons.org,Female,7738958391
1098,Tisha,Tampling,ttampling2p@vk.com,Female,7208767769
1099,Elliott,Drover,edrover2q@independent.co.uk,Male,4299608836
1100,Shem,Petrie,spetrie2r@live.com,Male,6652209470
1101,Sherlocke,Chudleigh,schudleigh2s@last.fm,Male,3131121467
1102,Loretta,Scay,lscay2t@usnews.com,Female,4480512276
1103,Schuyler,Bottrill,sbottrill2u@alexa.com,Male,7689980759
1104,Dody,Roxburgh,droxburgh2v@opera.com,Female,2657581579
1105,Ferdinand,Axten,faxten2w@zimbio.com,Male,7101424880
1106,Odessa,Billington,obillington2x@weebly.com,Female,7175803737
1107,Russell,Climer,rclimer2y@cbsnews.com,Male,1173220569
1108,Frankie,Caswill,fcaswill2z@who.int,Female,8970135340
1109,Vonnie,Gynni,vgynni30@abc.net.au,Female,3562914326
1110,Verna,Sodeau,vsodeau31@mysql.com,Female,7065859576
1111,Lizzy,Dungay,ldungay32@thetimes.co.uk,Female,1993616055
1112,Kristian,Odgaard,kodgaard33@nationalgeographic.com,Bigender,7264105857
1113,Woodrow,Golagley,wgolagley34@seesaa.net,Male,8239210449
1114,Ebeneser,Meader,emeader35@ebay.co.uk,Male,2473849641
1115,Chas,Yuille,cyuille36@i2i.jp,Male,743882083
1116,Bebe,Roantree,broantree37@blogger.com,Female,4689176493
1117,Herman,Broek,hbroek38@independent.co.uk,Genderfluid,4183901049
1118,Carlie,Ollivier,collivier39@delicious.com,Female,9938731406
1119,Oswell,Vondruska,ovondruska3a@github.com,Male,5620533611
1120,Dedra,Trime,dtrime3b@goo.gl,Female,992506581
1121,Adora,Ghidetti,aghidetti3c@weibo.com,Female,4114814922
1122,Georgeanne,Rudland,grudland3d@si.edu,Female,3161330293
1123,Aviva,Demageard,ademageard3e@cbsnews.com,Female,1422948137
1124,Jamima,Glendining,jglendining3f@google.com.br,Female,1725168995
1125,Shelia,Grosvenor,sgrosvenor3g@i2i.jp,Female,6142607407
1126,Joshua,Bearman,jbearman3h@globo.com,Male,1970729910
1127,Benn,Adenot,badenot3i@amazon.de,Male,1388022095
1128,Konstanze,Baudains,kbaudains3j@youtu.be,Female,731356187
1129,Jerrilee,Broun,jbroun3k@mapquest.com,Female,1141763036
1130,Shae,Pasterfield,spasterfield3l@pinterest.com,Female,9387223493
1131,Lisbeth,Sterzaker,lsterzaker3m@opensource.org,Female,2766881646
1132,Charles,McGuggy,cmcguggy3n@typepad.com,Male,5876183237
1133,Nobie,Ecclesall,necclesall3o@google.com.hk,Male,7039725568
1134,Tamera,Gheorghescu,tgheorghescu3p@msn.com,Female,733525253
1135,Wildon,Dunseath,wdunseath3q@utexas.edu,Male,936123702
1136,Trstram,Paddon,tpaddon3r@nytimes.com,Male,3364701121
1137,Gustie,Hurring,ghurring3s@opensource.org,Female,1238188826
1138,Pen,Kausche,pkausche3t@biblegateway.com,Genderfluid,6721757494
1139,Kelley,Harry,kharry3u@wikimedia.org,Male,8520571697
1140,Alberik,Vankov,avankov3v@youtube.com,Male,5900268616
1141,Gilli,Villiers,gvilliers3w@sakura.ne.jp,Female,6720431722
1142,Siffre,Whates,swhates3x@stumbleupon.com,Male,3046601301
1143,Davin,Stuttard,dstuttard3y@google.es,Male,8524054158
1144,Sylvia,Chatan,schatan3z@skype.com,Polygender,2900748690
1145,Chad,MacCahee,cmaccahee40@hhs.gov,Male,9536278839
1146,Vincent,Yanov,vyanov41@ted.com,Male,7703696412
1147,Alf,Jeskins,ajeskins42@psu.edu,Male,617741794
1148,Kaja,Geroldini,kgeroldini43@cocolog-nifty.com,Female,5629621815
1149,Charity,McCurt,cmccurt44@scientificamerican.com,Female,1992893713
1150,Wade,Garnall,wgarnall45@webmd.com,Male,2449214879
1151,Misti,Tothacot,mtothacot46@amazon.com,Female,6866493803
1152,Leeann,Villiers,lvilliers47@cpanel.net,Female,510151361
1153,Georgi,Willmer,gwillmer48@vkontakte.ru,Male,4013947404
1154,Kean,Hampe,khampe49@cnbc.com,Male,5436099300
1155,Stephen,Roundtree,sroundtree4a@tripadvisor.com,Male,2646618956
1156,Gordon,Stebbings,gstebbings4b@java.com,Male,7595275458
1157,Harland,Drillot,hdrillot4c@bbc.co.uk,Male,8346978448
1158,Glynda,Normabell,gnormabell4d@tamu.edu,Agender,6667550939
1159,Finlay,Widdowfield,fwiddowfield4e@linkedin.com,Male,6293149122
1160,Josh,Clotworthy,jclotworthy4f@usa.gov,Male,1899545905
1161,Dulcinea,Graver,dgraver4g@mlb.com,Female,1685567010
1162,Donnell,Mergue,dmergue4h@state.gov,Male,7021179383
1163,Zolly,Priver,zpriver4i@prlog.org,Male,6357533319
1164,Karlan,Rayhill,krayhill4j@wufoo.com,Male,3335065638
1165,Teodora,Sjollema,tsjollema4k@kickstarter.com,Female,1543893112
1166,Walker,Pepperd,wpepperd4l@comcast.net,Male,6367207864
1167,Ellsworth,Vickery,evickery4m@deviantart.com,Male,2476476609
1168,Emilio,McNae,emcnae4n@discuz.net,Male,7591153331
1169,Harlin,Saunderson,hsaunderson4o@washington.edu,Male,4780813905
1170,Alford,Abbott,aabbott4p@marriott.com,Male,1586297295
1171,Fedora,Guterson,fguterson4q@bizjournals.com,Female,5893863771
1172,Jerry,Gerbi,jgerbi4r@abc.net.au,Female,3849055914
1173,Chloris,Dilks,cdilks4s@ihg.com,Female,3086641452
1174,Paxon,Hartshorn,phartshorn4t@desdev.cn,Male,7384742099
1175,Pia,Fearnside,pfearnside4u@domainmarket.com,Female,4036973509
1176,Emmaline,Showers,eshowers4v@nba.com,Female,4935700971
1177,Darell,Carme,dcarme4w@plala.or.jp,Female,52849406
1178,Packston,Peealess,ppeealess4x@usatoday.com,Male,3887336585
1179,Lazar,McAlarney,lmcalarney4y@plala.or.jp,Bigender,9594079835
1180,Rosemonde,Kindread,rkindread4z@ftc.gov,Female,8558499683
1181,Natala,Millsom,nmillsom50@arizona.edu,Female,6693129889
1182,Zulema,Darridon,zdarridon51@china.com.cn,Female,1652459782
1183,Avery,Brownbill,abrownbill52@nydailynews.com,Male,299912663
1184,Meghan,Fernehough,mfernehough53@theguardian.com,Female,2643547578
1185,Susanetta,Gyorgy,sgyorgy54@163.com,Female,8668768115
1186,Nessi,Derbyshire,nderbyshire55@shop-pro.jp,Female,76185494
1187,Arther,Emberton,aemberton56@stumbleupon.com,Male,8627770212
1188,Ransell,Yakobovicz,ryakobovicz57@oakley.com,Male,5599579069
1189,Mariette,Fayne,mfayne58@earthlink.net,Female,9256412519
1190,Remus,Ipplett,ripplett59@nbcnews.com,Male,2320748024
1191,Jourdain,Radmer,jradmer5a@ameblo.jp,Male,2700096630
1192,Sidney,Keyte,skeyte5b@irs.gov,Male,8858345096
1193,Holt,Youson,hyouson5c@t-online.de,Male,3223396829
1194,Camey,Wallman,cwallman5d@mapquest.com,Male,8487379885
1195,Tuckie,Coste,tcoste5e@nytimes.com,Male,2505622531
1196,Mickey,Spittall,mspittall5f@unc.edu,Male,9010061086
1197,Nerty,Lowis,nlowis5g@dedecms.com,Female,6895441131
1198,Ira,McManamon,imcmanamon5h@exblog.jp,Genderfluid,2378426038
1199,Neel,Sheaber,nsheaber5i@adobe.com,Male,1327795485
1200,Charlie,Ramard,cramard5j@engadget.com,Polygender,7638479289
1201,Benji,Donneely,bdonneely5k@myspace.com,Male,6733096609
1202,Cleveland,Yo,cyo5l@imdb.com,Male,6658076316
1203,Pietro,Lowde,plowde5m@liveinternet.ru,Male,4467140883
1204,Friedrich,Quinnelly,fquinnelly5n@loc.gov,Male,5166151224
1205,Clerkclaude,Blazek,cblazek5o@scientificamerican.com,Male,3845117710
1206,Siobhan,Skullet,sskullet5p@yahoo.com,Female,2333036419
1207,Guinna,Brinkworth,gbrinkworth5q@delicious.com,Female,8809103572
1208,Joaquin,Kelleher,jkelleher5r@pcworld.com,Male,6498289376
1209,Griffith,Redferne,gredferne5s@ning.com,Male,3270475748
1210,Wiley,Lagde,wlagde5t@sbwire.com,Male,809058189
1211,Avigdor,Wilmore,awilmore5u@imdb.com,Male,266993702
1212,Johnathan,Rumgay,jrumgay5v@liveinternet.ru,Male,2108973575
1213,Mason,Cogger,mcogger5w@wp.com,Male,2318648247
1214,Clive,Possa,cpossa5x@infoseek.co.jp,Male,8702625873
1215,Kerrin,Andryunin,kandryunin5y@angelfire.com,Polygender,2873825553
1216,Tomi,Matisoff,tmatisoff5z@auda.org.au,Female,5050336031
1217,Aaron,Guppie,aguppie60@newyorker.com,Male,5237890520
1218,Urbano,Skaife d'Ingerthorpe,uskaifedingerthorpe61@artisteer.com,Male,758678452
1219,Dacey,Statersfield,dstatersfield62@engadget.com,Female,6893024258
1220,Marianne,Buckby,mbuckby63@ft.com,Agender,3200602007
1221,Florenza,Bevington,fbevington64@nba.com,Female,5188567962
1222,Christian,Hingeley,chingeley65@ameblo.jp,Female,9592255946
1223,Megen,Raye,mraye66@pinterest.com,Female,8155604705
1224,Chancey,Enion,cenion67@huffingtonpost.com,Male,4463957915
1225,Jan,Bolter,jbolter68@jiathis.com,Female,4182456068
1226,King,Barstock,kbarstock69@tmall.com,Male,3660531375
1227,Reynold,Stanger,rstanger6a@51.la,Male,7664292492
1228,Skylar,Tosney,stosney6b@ifeng.com,Male,1268419648
1229,Tarah,Mountlow,tmountlow6c@google.de,Female,5497878431
1230,Galvan,Tremoille,gtremoille6d@businesswire.com,Male,193592711
1231,Leann,Ouldcott,louldcott6e@yellowpages.com,Female,6632166350
1232,Dara,Rudloff,drudloff6f@go.com,Female,2764878176
1233,Alicea,Offen,aoffen6g@theatlantic.com,Female,2009900693
1234,Essy,Esplin,eesplin6h@ca.gov,Female,9292381199
1235,Lucky,Rafferty,lrafferty6i@sciencedaily.com,Female,7831188223
1236,Alex,Seedhouse,aseedhouse6j@house.gov,Male,6685261307
1237,Gilberte,Van Velde,gvanvelde6k@dailymotion.com,Female,57821569
1238,Fairlie,Busek,fbusek6l@go.com,Male,2933626063
1239,Violante,Ferrar,vferrar6m@cloudflare.com,Female,3620455430
1240,Rurik,Machen,rmachen6n@wired.com,Male,8082507233
1241,Halsy,Pyrah,hpyrah6o@guardian.co.uk,Agender,9498297940
1242,Iosep,Housego,ihousego6p@flickr.com,Male,8990546346
1243,Rick,Challender,rchallender6q@si.edu,Male,9365377242
1244,Darrell,Grierson,dgrierson6r@blogger.com,Genderfluid,110992539
1245,Murdoch,Vokes,mvokes6s@reuters.com,Male,992371775
1246,Riobard,Colcomb,rcolcomb6t@rediff.com,Male,462522016
1247,Rici,Cadore,rcadore6u@cnbc.com,Female,5039170319
1248,Sarge,Dumberell,sdumberell6v@wix.com,Male,3535034906
1249,Mona,Nealy,mnealy6w@discovery.com,Female,2593536624
1250,Neille,Ramsbotham,nramsbotham6x@desdev.cn,Female,8903744500
1251,Abigael,Kristof,akristof6y@time.com,Female,2150040271
1252,Prinz,Coupar,pcoupar6z@cdbaby.com,Male,9815345028
1253,Travus,Stolle,tstolle70@tiny.cc,Male,456333029
1254,Micheil,Spaxman,mspaxman71@mashable.com,Male,1816235547
1255,Stuart,Coulter,scoulter72@gmpg.org,Male,652080820
1256,Kalinda,Speir,kspeir73@php.net,Female,7194891948
1257,Olivia,Staton,ostaton74@wordpress.com,Female,5014173810
1258,Free,Soppit,fsoppit75@nyu.edu,Male,1287778852
1259,Eveleen,Casella,ecasella76@eventbrite.com,Female,8801140347
1260,Pate,Pettifer,ppettifer77@mtv.com,Male,3066835278
1261,Darell,Dun,ddun78@fotki.com,Female,3441242629
1262,Annaliese,Kinkead,akinkead79@hatena.ne.jp,Female,6131466149
1263,Martica,Fletham,mfletham7a@cpanel.net,Female,543291421
1264,Fernande,Spillett,fspillett7b@wsj.com,Female,7338380198
1265,Alejandrina,Maryska,amaryska7c@usnews.com,Female,2075747539
1266,Rutledge,Foffano,rfoffano7d@msu.edu,Male,9450975825
1267,Goldarina,Bearward,gbearward7e@topsy.com,Female,5969171174
1268,Werner,Krout,wkrout7f@ebay.com,Male,6782773228
1269,Chancey,Marielle,cmarielle7g@umn.edu,Genderqueer,5439370404
1270,Tyne,Jurkowski,tjurkowski7h@icio.us,Female,2980437239
1271,Odille,Godain,ogodain7i@china.com.cn,Bigender,7395387627
1272,Gino,Attrie,gattrie7j@tumblr.com,Male,9177931785
1273,Iris,Esslement,iesslement7k@livejournal.com,Female,4793959695
1274,Portia,Duxbury,pduxbury7l@sina.com.cn,Female,736730761
1275,Octavius,Lamplough,olamplough7m@studiopress.com,Male,9012832926
1276,Ashla,Stienton,astienton7n@xinhuanet.com,Female,8129375427
1277,Merle,Sugden,msugden7o@nationalgeographic.com,Female,3462918265
1278,Holmes,Tubridy,htubridy7p@flavors.me,Male,9802029297
1279,Yehudi,Schimank,yschimank7q@about.me,Male,4947232196
1280,Johnathon,Whordley,jwhordley7r@friendfeed.com,Male,7653562035
1281,Charlie,Yegorev,cyegorev7s@cargocollective.com,Non-binary,3594155404
1282,Lyda,Rahill,lrahill7t@blogspot.com,Genderqueer,3590764368
1283,Julienne,Tull,jtull7u@wordpress.org,Female,5807377338
1284,Kerk,Fickling,kfickling7v@webmd.com,Male,7751493828
1285,Brietta,Gabbotts,bgabbotts7w@smh.com.au,Female,4282974087
1286,Donnie,Brignall,dbrignall7x@nifty.com,Female,8896331064
1287,Johan,Wrinch,jwrinch7y@springer.com,Male,6334961977
1288,Bobbie,Marriott,bmarriott7z@woothemes.com,Male,5325518402
1289,Harriet,Bradnock,hbradnock80@icio.us,Female,8394798527
1290,Ebeneser,Petranek,epetranek81@hugedomains.com,Male,4085782738
1291,Ralf,Kibble,rkibble82@ucoz.com,Male,1087559332
1292,Nev,Abelevitz,nabelevitz83@sphinn.com,Male,5429501174
1293,Jodi,Jaques,jjaques84@salon.com,Female,5756029648
1294,Bernhard,Maidlow,bmaidlow85@eepurl.com,Male,8234237799
1295,Issiah,Wyett,iwyett86@miitbeian.gov.cn,Male,8209164988
1296,Desirae,Harridge,dharridge87@networkadvertising.org,Female,3723044603
1297,Erminia,Madgett,emadgett88@yellowbook.com,Female,516075349
1298,Phedra,Thirsk,pthirsk89@cyberchimps.com,Female,3919656369
1299,Norina,Razzell,nrazzell8a@nps.gov,Female,8933054146
1300,Catlee,Borsnall,cborsnall8b@behance.net,Female,2157083405
1301,Germana,Duthie,gduthie8c@list-manage.com,Female,1438564414
1302,Salim,Sowrah,ssowrah8d@berkeley.edu,Male,5998947673
1303,Del,Chandlar,dchandlar8e@sogou.com,Male,6770550938
1304,Kermit,Dumbelton,kdumbelton8f@nsw.gov.au,Male,4276267560
1305,Kile,Cornfield,kcornfield8g@twitter.com,Male,8918885245
1306,Allissa,Fenemore,afenemore8h@ucoz.com,Female,6089860409
1307,Timmie,Abbiss,tabbiss8i@cnn.com,Female,9831447425
1308,Sarine,Esilmon,sesilmon8j@yelp.com,Female,3102039332
1309,Emmaline,Woolard,ewoolard8k@over-blog.com,Female,935005951
1310,Ganny,Forge,gforge8l@cbslocal.com,Male,9746648276
1311,Cassandry,Stoffels,cstoffels8m@chicagotribune.com,Female,2543937838
1312,Kermy,Brisland,kbrisland8n@hud.gov,Male,6350156188
1313,Benny,Bordes,bbordes8o@techcrunch.com,Female,2389560466
1314,Tailor,Tomasek,ttomasek8p@nyu.edu,Male,5132311628
1315,Sandro,Strase,sstrase8q@cnbc.com,Genderqueer,7569414616
1316,Henrietta,Berriman,hberriman8r@blogspot.com,Female,3673734598
1317,Porter,Ansteys,pansteys8s@virginia.edu,Male,5238453868
1318,Caralie,Josuweit,cjosuweit8t@squarespace.com,Female,9318387148
1319,Gennifer,O'Hickee,gohickee8u@huffingtonpost.com,Female,2414536705
1320,Farrel,Nutley,fnutley8v@yahoo.co.jp,Male,4331678946
1321,Gladi,Ripley,gripley8w@bbb.org,Female,7127307237
1322,Dorotea,Nussen,dnussen8x@scientificamerican.com,Female,1199811378
1323,Abran,Blinman,ablinman8y@nih.gov,Male,6254845113
1324,Madelena,MacLese,mmaclese8z@wufoo.com,Female,9077753109
1325,Davidson,Gauche,dgauche90@surveymonkey.com,Male,3549894589
1326,Darryl,Skillman,dskillman91@bbb.org,Polygender,738254800
1327,Victor,Darbyshire,vdarbyshire92@godaddy.com,Male,2699804886
1328,Locke,Hails,lhails93@printfriendly.com,Male,7736485100
1329,Vernen,Cabotto,vcabotto94@storify.com,Male,3174472695
1330,Johnny,Paprotny,jpaprotny95@oracle.com,Male,1399226576
1331,Astrid,Stockport,astockport96@yahoo.com,Female,2578178925
1332,Dmitri,Kinson,dkinson97@instagram.com,Male,4190836060
1333,Onida,Pollen,opollen98@fastcompany.com,Female,8732330294
1334,Dewitt,Robjents,drobjents99@home.pl,Male,4009756160
1335,Anna-diana,Exter,aexter9a@devhub.com,Female,293455856
1336,Baron,Pitkin,bpitkin9b@so-net.ne.jp,Male,1036283704
1337,Selie,Kittel,skittel9c@usa.gov,Female,8799691795
1338,Winni,Malletratt,wmalletratt9d@google.co.uk,Female,8390766450
1339,Stacy,Borley,sborley9e@multiply.com,Female,5237990533
1340,Garrott,Kelsall,gkelsall9f@wikia.com,Genderfluid,2858029075
1341,Fremont,Colloby,fcolloby9g@reverbnation.com,Male,970975864
1342,Tedd,Gotling,tgotling9h@storify.com,Male,2793784419
1343,Erika,Brandsen,ebrandsen9i@disqus.com,Female,1056626690
1344,Selie,Sweedland,ssweedland9j@google.com.au,Female,8342884643
1345,Hi,Sumsion,hsumsion9k@businessweek.com,Agender,8970272453
1346,Anton,Brame,abrame9l@freewebs.com,Male,5998912233
1347,Llywellyn,Pail,lpail9m@indiegogo.com,Male,534005985
1348,Calhoun,Leverton,cleverton9n@mayoclinic.com,Male,7628644791
1349,Gwenette,Avey,gavey9o@163.com,Female,7018997917
1350,Olympe,Asipenko,oasipenko9p@g.co,Female,8781647301
1351,Shelagh,Otter,sotter9q@meetup.com,Female,9738857619
1352,Melessa,Wrathall,mwrathall9r@microsoft.com,Female,546946119
1353,Brit,O'Moylane,bomoylane9s@usatoday.com,Female,7449144425
1354,Ardelia,Allibone,aallibone9t@disqus.com,Female,982271964
1355,Bendite,Fulun,bfulun9u@businessinsider.com,Female,5858609945
1356,Cassius,Simonnet,csimonnet9v@typepad.com,Male,901291684
1357,Emanuele,Culley,eculley9w@shutterfly.com,Male,1544745125
1358,Katina,Chaloner,kchaloner9x@biglobe.ne.jp,Female,2552629903
1359,Kip,Kalker,kkalker9y@imageshack.us,Male,3631369239
1360,Carla,Gudde,cgudde9z@hao123.com,Female,5301084925
1361,Alina,Gayne,agaynea0@indiatimes.com,Female,3110097451
1362,Cosette,Lamb,clamba1@purevolume.com,Female,699567076
1363,Thaddeus,Keggins,tkegginsa2@plala.or.jp,Male,6899648849
1364,Malina,Sail,msaila3@google.ca,Female,8756282311
1365,Flori,Kurton,fkurtona4@japanpost.jp,Female,7252841510
1366,Phillie,Raymen,praymena5@pagesperso-orange.fr,Female,525426620
1367,Curtis,Bulteel,cbulteela6@yelp.com,Male,5577143896
1368,Aggy,Beart,abearta7@constantcontact.com,Female,9044596616
1369,Konrad,Swalowe,kswalowea8@wp.com,Male,2046662733
1370,Karlens,Marians,kmariansa9@ning.com,Male,1583787747
1371,Javier,Vesque,jvesqueaa@com.com,Male,4821761742
1372,Somerset,Sellars,ssellarsab@unicef.org,Male,5945250317
1373,Hillyer,Lapsley,hlapsleyac@google.nl,Male,3786381674
1374,Deni,Kaplan,dkaplanad@imgur.com,Female,507710533
1375,Kahaleel,Sherebrook,ksherebrookae@pen.io,Male,6097769989
1376,Anett,Devonside,adevonsideaf@ucoz.com,Female,7891022909
1377,Aurthur,Munson,amunsonag@trellian.com,Male,9863322520
1378,Kristoffer,Gerasch,kgeraschah@walmart.com,Male,5842335964
1379,Thorin,Mountfort,tmountfortai@msu.edu,Male,2917523166
1380,Mollie,Kilbourne,mkilbourneaj@yolasite.com,Female,8062568512
1381,Sinclair,Nacey,snaceyak@canalblog.com,Male,1469659468
1382,Hadrian,Richarson,hricharsonal@blog.com,Male,8783827668
1383,Morty,Wigley,mwigleyam@scientificamerican.com,Male,5664512105
1384,Ase,Pitkethly,apitkethlyan@imgur.com,Male,4075962148
1385,Hamel,Oddboy,hoddboyao@samsung.com,Male,8332140889
1386,Maribel,Pontefract,mpontefractap@walmart.com,Female,9957990217
1387,Derwin,Foucar,dfoucaraq@nhs.uk,Male,2827384264
1388,Broddie,Maiklem,bmaiklemar@army.mil,Male,9965923876
1389,Ram,O'Carney,rocarneyas@state.tx.us,Male,9050755909
1390,Gearard,Calf,gcalfat@earthlink.net,Male,6081435687
1391,Rod,Frankom,rfrankomau@sbwire.com,Male,3186361117
1392,Delmor,Duerden,dduerdenav@tripod.com,Male,2116372828
1393,Colleen,Fabler,cfableraw@sphinn.com,Female,7396455944
1394,Klement,Fernanando,kfernanandoax@ustream.tv,Male,2776264119
1395,Lemar,Jachimiak,ljachimiakay@e-recht24.de,Male,372277179
1396,Clywd,Ismead,cismeadaz@economist.com,Male,2786360420
1397,Cointon,Ryley,cryleyb0@bandcamp.com,Male,7573121695
1398,Cyndie,Fernie,cfernieb1@cdbaby.com,Female,7551626883
1399,Kurtis,Jerdein,kjerdeinb2@webs.com,Male,8098707245
1400,Thomas,Pattrick,tpattrickb3@sakura.ne.jp,Male,7149245846
1401,Jean,Vinck,jvinckb4@qq.com,Male,4862531091
1402,Ellsworth,Graddon,egraddonb5@163.com,Male,1203975880
1403,Emmanuel,Sampson,esampsonb6@theglobeandmail.com,Male,2023075483
1404,Aluin,McNalley,amcnalleyb7@fema.gov,Male,1273488369
1405,Shandeigh,Gaskarth,sgaskarthb8@chronoengine.com,Female,9326116581
1406,Kristoforo,Lindwasser,klindwasserb9@yale.edu,Male,5724607433
1407,Kalie,Diaper,kdiaperba@icio.us,Female,5515390156
1408,Emlyn,Raven,eravenbb@domainmarket.com,Male,4605773444
1409,Tuck,Mallord,tmallordbc@geocities.jp,Male,5981838345
1410,Eddy,Matveyev,ematveyevbd@baidu.com,Male,6315634125
1411,Evangelina,Nary,enarybe@usa.gov,Female,2210862760
1412,Arney,Fullard,afullardbf@sina.com.cn,Male,2680821432
1413,Juliet,Margett,jmargettbg@cbslocal.com,Female,5249640281
1414,Maire,Stollen,mstollenbh@foxnews.com,Female,7374005644
1415,Cary,Bock,cbockbi@so-net.ne.jp,Female,1644006480
1416,Erroll,Gribbins,egribbinsbj@imdb.com,Male,6036465777
1417,Tobiah,McQuaker,tmcquakerbk@admin.ch,Male,6862005472
1418,Taber,Margaret,tmargaretbl@usgs.gov,Male,2179056117
1419,Weylin,Dedden,wdeddenbm@gnu.org,Male,8925796147
1420,Melva,Toma,mtomabn@nytimes.com,Female,9091347120
1421,Alfonso,Kleinfeld,akleinfeldbo@disqus.com,Male,7571774055
1422,Nell,Benediktovich,nbenediktovichbp@globo.com,Female,3714502998
1423,Francesco,Mum,fmumbq@cmu.edu,Male,1617970212
1424,Georgena,Auden,gaudenbr@shareasale.com,Female,233567038
1425,Yettie,Chilcott,ychilcottbs@netlog.com,Female,5869715083
1426,Bryanty,Kuller,bkullerbt@twitpic.com,Non-binary,2241006424
1427,Claretta,Murfin,cmurfinbu@acquirethisname.com,Female,7931031075
1428,Harriette,Faulkner,hfaulknerbv@stanford.edu,Female,6689785130
1429,Erie,Semble,esemblebw@bloomberg.com,Male,6449244089
1430,Kristoffer,Landers,klandersbx@amazon.de,Non-binary,9792062475
1431,Toddie,MacKinnon,tmackinnonby@baidu.com,Male,5786799883
1432,Saloma,Perotti,sperottibz@engadget.com,Female,1531477046
1433,Padraig,Aguilar,paguilarc0@goo.ne.jp,Male,5641808008
1434,Torey,Stener,tstenerc1@time.com,Female,9339988795
1435,Rheba,Cowely,rcowelyc2@e-recht24.de,Female,9381728569
1436,Malvin,Towe,mtowec3@soundcloud.com,Male,7070978308
1437,Brinna,Aldersea,balderseac4@cargocollective.com,Female,9436630344
1438,Querida,Roxburgh,qroxburghc5@hostgator.com,Female,6510130777
1439,Valaree,Sleney,vsleneyc6@purevolume.com,Female,3009905335
1440,Ephrayim,Foulger,efoulgerc7@nymag.com,Male,1646188853
1441,Reinaldos,Glyssanne,rglyssannec8@twitpic.com,Male,7804551770
1442,Ike,Durno,idurnoc9@oaic.gov.au,Male,1445015919
1443,Elwin,Bern,ebernca@soundcloud.com,Male,558772455
1444,Jeremy,Syer,jsyercb@seesaa.net,Male,2293164403
1445,Idaline,Drance,idrancecc@hao123.com,Female,9081725270
1446,Erina,Loisi,eloisicd@last.fm,Female,8042264674
1447,Winny,Seville,wsevillece@phoca.cz,Female,1975443179
1448,Corabelle,Koeppke,ckoeppkecf@infoseek.co.jp,Female,8827321322
1449,Ambur,Maun,amauncg@omniture.com,Genderfluid,4609828928
1450,Odele,Tonge,otongech@cornell.edu,Female,5432200899
1451,Madlen,O'Keenan,mokeenanci@yahoo.co.jp,Female,7011074961
1452,Shirleen,Claypoole,sclaypoolecj@altervista.org,Female,1269217275
1453,Marcellina,Pawlik,mpawlikck@howstuffworks.com,Female,2320594000
1454,Kamila,Instock,kinstockcl@odnoklassniki.ru,Female,5602010939
1455,Talbot,Henmarsh,thenmarshcm@usgs.gov,Male,4905880041
1456,Adele,Downton,adowntoncn@go.com,Female,7514721266
1457,Sergio,Mawtus,smawtusco@cnet.com,Male,1145220967
1458,Neddy,Risbrough,nrisbroughcp@mediafire.com,Agender,6056781933
1459,Max,Patterfield,mpatterfieldcq@php.net,Male,8522667284
1460,Juliette,Kleinlerer,jkleinlerercr@dyndns.org,Agender,4806106925
1461,Dorice,Chad,dchadcs@about.me,Female,9394367942
1462,Merrill,Gayle,mgaylect@dedecms.com,Polygender,7891915296
1463,Gayle,Kundt,gkundtcu@woothemes.com,Male,6518209011
1464,Bill,Morkham,bmorkhamcv@psu.edu,Female,7588517689
1465,Nada,Durtnel,ndurtnelcw@odnoklassniki.ru,Female,2658574568
1466,Davita,Harrold,dharroldcx@apple.com,Genderfluid,5479729497
1467,Elvera,Somerlie,esomerliecy@go.com,Female,6944145340
1468,Iain,Merrill,imerrillcz@mediafire.com,Male,5638841164
1469,Gram,Pieterick,gpieterickd0@devhub.com,Polygender,6541252602
1470,Jasper,McMenemy,jmcmenemyd1@goo.ne.jp,Male,3196050211
1471,Reggis,Aylward,raylwardd2@cbc.ca,Male,7011540288
1472,Midge,Portingale,mportingaled3@360.cn,Female,8949158507
1473,Sheelah,Gatus,sgatusd4@ftc.gov,Female,5058114283
1474,Wallie,Sandham,wsandhamd5@wix.com,Female,9991569367
1475,Freddy,Keune,fkeuned6@ovh.net,Female,755827953
1476,Gayle,Doale,gdoaled7@mtv.com,Female,3092622138
1477,Pierce,Brosenius,pbroseniusd8@timesonline.co.uk,Male,5851316918
1478,Arne,Teresia,ateresiad9@earthlink.net,Male,1333524838
1479,Lainey,Ferrandez,lferrandezda@dyndns.org,Agender,9769527505
1480,Lynsey,Sutor,lsutordb@mediafire.com,Female,3523317703
1481,Nealy,Dimitrie,ndimitriedc@ezinearticles.com,Male,334124468
1482,Frannie,Novis,fnovisdd@seattletimes.com,Female,4569277616
1483,Gilburt,Matthiesen,gmatthiesende@sina.com.cn,Male,150908458
1484,Susy,Tiddy,stiddydf@mit.edu,Female,5422810813
1485,Gweneth,Houndsom,ghoundsomdg@flavors.me,Female,6508703498
1486,Caroljean,Jasper,cjasperdh@engadget.com,Female,7307556588
1487,Dael,St. Quintin,dstquintindi@ycombinator.com,Agender,7484646970
1488,Raquela,Sambiedge,rsambiedgedj@cloudflare.com,Female,3208371438
1489,Phaidra,Mulvaney,pmulvaneydk@harvard.edu,Female,5149025356
1490,Darwin,Beglin,dbeglindl@marriott.com,Male,1167238818
1491,Celesta,Jemmett,cjemmettdm@europa.eu,Female,5296446364
1492,Davina,Longcaster,dlongcasterdn@pagesperso-orange.fr,Female,9279849719
1493,Kym,Cawson,kcawsondo@springer.com,Female,7758241239
1494,Dulci,Oldacre,doldacredp@meetup.com,Female,8915756754
1495,George,Burrell,gburrelldq@reddit.com,Male,5360657677
1496,Natalya,Laurie,nlauriedr@timesonline.co.uk,Female,2358055808
1497,Brantley,Doddridge,bdoddridgeds@miitbeian.gov.cn,Male,611428059
1498,Arleyne,O'Gormley,aogormleydt@reuters.com,Female,1581365071
1499,Diane-marie,Merryweather,dmerryweatherdu@bandcamp.com,Female,3634880627
1500,Corrianne,Sesons,csesonsdv@chicagotribune.com,Female,1712413945
